gnar_with_neighbours,gnar_no_neighbours,arima,regime,structure,density,seed
0.9608937967977581,5.191520544731207,8.935222714301066,no_covariates (regime 4),ER,0.1,0
1.021870564517415,1.17038160086508,1.2435728914936004,no_covariates (regime 4),ER,0.1,1
0.9052876755453177,1.1461154202217387,1.2187154725413074,no_covariates (regime 4),ER,0.1,2
1.11926443056112,1.1771600490454714,1.3916955948705765,no_covariates (regime 4),ER,0.1,3
0.965759144249358,1.0903414472424136,1.3910909067586008,no_covariates (regime 4),ER,0.1,4
0.8667647839645901,2.666718851981611,205639.71956684714,no_covariates (regime 4),ER,0.1,5
1.2160526818154331,1.1621172210798862,1630.2909075600164,no_covariates (regime 4),ER,0.1,6
1.3245344685765277,1.467852408349352,3175998.5597062977,no_covariates (regime 4),ER,0.1,7
1.1855752339688799,1.534031301122006,1139.981143943915,no_covariates (regime 4),ER,0.1,8
1.0534330790044013,4.219825241850216,32.26569090105352,no_covariates (regime 4),ER,0.1,9
0.9007436081232247,0.9579505257696205,1.0224102462796816,no_covariates (regime 4),ER,0.1,10
1.0285483421687793,0.9474269890636059,1.1709156873503825,no_covariates (regime 4),ER,0.1,11
0.9470173805659278,1.04473938861601,1.2642879848128372,no_covariates (regime 4),ER,0.1,12
1.2881712660148776,1.3195461561461461,1.7772802173819577,no_covariates (regime 4),ER,0.1,13
15.873167628953103,8.755506471111858,5592167.7015277045,no_covariates (regime 4),ER,0.1,14
0.8300163052739294,0.8473192355072559,0.8815188118088538,no_covariates (regime 4),ER,0.1,15
1.2685182038761613,1.3188577189830668,7.227150939294183,no_covariates (regime 4),ER,0.1,16
1.5485307036834148,4.15919226134399,58205.77464814908,no_covariates (regime 4),ER,0.1,17
1.3847402460285934,1.2804329212414214,338198.1237384688,no_covariates (regime 4),ER,0.1,18
1.1890036213248714,1.2394638814047907,1.766309443961159,no_covariates (regime 4),ER,0.1,19
1.0102424910487071,1.1616132517879645,1.4315052765134029,no_covariates (regime 4),ER,0.1,20
1.1574585223411598,2.4501360158840026,194628.10803933482,no_covariates (regime 4),ER,0.1,21
1.6060416543953007,3.2937435476149757,6090975.026015177,no_covariates (regime 4),ER,0.1,22
0.7991848335463927,0.8952531349150806,1.1149523081657629,no_covariates (regime 4),ER,0.1,23
1.1652742302817203,1.1995905597613412,1.5208034901149614,no_covariates (regime 4),ER,0.1,24
1.2717841025172014,1.3002060117918273,1.6323653030712792,no_covariates (regime 4),ER,0.1,25
0.7858618118280315,2.0315741627356068,430704.2265873581,no_covariates (regime 4),ER,0.1,26
3.967219480716835,5.684398446728301,23526.47053161287,no_covariates (regime 4),ER,0.1,27
0.8053067997526653,1.2041245916521544,367.8559302021202,no_covariates (regime 4),ER,0.1,28
1.0207084874284802,0.9936542560582093,1.2667486404070964,no_covariates (regime 4),ER,0.1,29
1.1294915125604028,1.2284992533857135,1.5525018875545937,no_covariates (regime 4),ER,0.1,30
0.713864778835891,1.1873187048876996,9.571953205602275,no_covariates (regime 4),ER,0.1,31
0.7524361129370659,0.8357855573177809,1.7166968181143563,no_covariates (regime 4),ER,0.1,32
0.9444018657577196,1.082310209130576,1.2867149635757866,no_covariates (regime 4),ER,0.1,33
1.082240725906675,1.1940327722007267,1.372195667155828,no_covariates (regime 4),ER,0.1,34
1.0598475492788388,1.7706055076287246,2057.4960237231776,no_covariates (regime 4),ER,0.1,35
0.9639492065747141,0.9120252319382312,1.5751600087000805,no_covariates (regime 4),ER,0.1,36
1.6279033994244847,3.2856099453619114,192031.54219305364,no_covariates (regime 4),ER,0.1,37
0.8370921290068765,0.8803018967625422,1.419648526176061,no_covariates (regime 4),ER,0.1,38
1.2043004321827053,1.2584962571704987,1.5373204133109362,no_covariates (regime 4),ER,0.1,39
1.0867003199602212,0.9267623394096292,4.982687235678149,no_covariates (regime 4),ER,0.1,40
1.6067890354241543,3.01979550784364,1922899.3836420001,no_covariates (regime 4),ER,0.1,41
1.335827358978299,1.767945520553559,149.5718012317216,no_covariates (regime 4),ER,0.1,42
0.736924730986277,0.7351995538403244,1.440975349264591,no_covariates (regime 4),ER,0.1,43
1.9389857751438884,1.9450589212784053,47284.25980644851,no_covariates (regime 4),ER,0.1,44
1.0254836373089027,1.0279179614738139,1.1245547004931098,no_covariates (regime 4),ER,0.1,45
1.4670360782769338,1.042829212178089,134401.9981265851,no_covariates (regime 4),ER,0.1,46
1.3106537224437902,1.5717780716451535,2.24678226408678,no_covariates (regime 4),ER,0.1,47
1.0992994632557993,1.3463602731822455,1.4164381693755224,no_covariates (regime 4),ER,0.1,48
2.2603411481270577,3.0527350785600116,2023889.327669149,no_covariates (regime 4),ER,0.1,49
1.1191298010068156,1.2251936847007445,1.352290866465421,no_covariates (regime 4),ER,0.4,0
1.0738909396679284,1.1601468174814482,1.2815603969687464,no_covariates (regime 4),ER,0.4,1
0.9783041755183848,0.9936745338059059,1.223578870030997,no_covariates (regime 4),ER,0.4,2
1.0469578854175052,1.0259318499640229,1.2135063608519996,no_covariates (regime 4),ER,0.4,3
1.1425036507661603,1.1463396190834214,1.3838758629711558,no_covariates (regime 4),ER,0.4,4
0.9856609644612505,0.999479294263117,1.2171860019436969,no_covariates (regime 4),ER,0.4,5
0.8244936961301897,0.8357465180814349,1.0590811681847576,no_covariates (regime 4),ER,0.4,6
0.9956196163327553,1.050116399609654,1.1875872871939481,no_covariates (regime 4),ER,0.4,7
0.8054032609248679,0.8638021353370637,1.0676881875231143,no_covariates (regime 4),ER,0.4,8
1.1724985971707702,1.1853475022592879,1.3360857831428419,no_covariates (regime 4),ER,0.4,9
1.0482308609426203,1.1018531931671178,1.2138129124472024,no_covariates (regime 4),ER,0.4,10
0.8989630815264337,0.921986553446771,1.113061843648519,no_covariates (regime 4),ER,0.4,11
0.9682047256131219,0.9956059789533888,1.14814657535459,no_covariates (regime 4),ER,0.4,12
0.7773930337026673,0.7989730511445596,0.9837476402004091,no_covariates (regime 4),ER,0.4,13
1.0710364722971972,1.0853346198574079,1.302492950854956,no_covariates (regime 4),ER,0.4,14
0.9351710612346078,0.9125005682556648,0.9565898133049847,no_covariates (regime 4),ER,0.4,15
1.0451996516090833,1.0862452179947508,1.1979182784011682,no_covariates (regime 4),ER,0.4,16
0.9117580505596837,0.9790794494391282,1.0959568614673678,no_covariates (regime 4),ER,0.4,17
1.0486216168866864,1.0461836000174405,1.220731027610649,no_covariates (regime 4),ER,0.4,18
0.9487215418791929,0.9449209604279473,1.1559952881553086,no_covariates (regime 4),ER,0.4,19
1.0457452642241867,1.0879320947512687,1.2474507847323097,no_covariates (regime 4),ER,0.4,20
0.9378501432364945,1.0022810733600247,1.2472009640436628,no_covariates (regime 4),ER,0.4,21
1.0108017571028791,1.1072871886641582,1.224732421933672,no_covariates (regime 4),ER,0.4,22
1.074182797637806,1.064273948086277,1.1171312714477908,no_covariates (regime 4),ER,0.4,23
1.1691054148496092,1.1670532468397443,1.3225689387157264,no_covariates (regime 4),ER,0.4,24
1.0074577916314742,1.013362512523821,1.1760237479972555,no_covariates (regime 4),ER,0.4,25
1.014076150383492,1.039205287205386,1.2428358823697943,no_covariates (regime 4),ER,0.4,26
0.9943470823483983,1.0034951564939962,1.3150848506996755,no_covariates (regime 4),ER,0.4,27
1.059647135860314,1.0940203766456893,1.3921802722320138,no_covariates (regime 4),ER,0.4,28
1.003049705837955,1.0483933909242154,1.1900847562886192,no_covariates (regime 4),ER,0.4,29
1.0051305982082561,1.0396695490139924,1.2330488130709671,no_covariates (regime 4),ER,0.4,30
0.9254305638370155,0.9654478819378562,1.136393701336089,no_covariates (regime 4),ER,0.4,31
1.1361639960526757,1.1563279895757677,1.3934346215264204,no_covariates (regime 4),ER,0.4,32
0.8965477959705915,0.9042583188374095,1.1091217665268949,no_covariates (regime 4),ER,0.4,33
1.0427219186597019,1.044883236398965,1.2308652788706147,no_covariates (regime 4),ER,0.4,34
1.0304295969037238,1.0143673526451906,1.3405482033821106,no_covariates (regime 4),ER,0.4,35
1.0619709846072332,1.0736124926048596,1.301398387340422,no_covariates (regime 4),ER,0.4,36
1.0901435842447773,1.117572044772482,1.3497176997134939,no_covariates (regime 4),ER,0.4,37
0.9796445966722269,0.9708921317910724,1.1943054553947179,no_covariates (regime 4),ER,0.4,38
1.1267440083418845,1.130796592600118,1.3392529787419472,no_covariates (regime 4),ER,0.4,39
0.9525058287095893,0.9454752598358751,1.2503006595890795,no_covariates (regime 4),ER,0.4,40
1.0283974682575807,1.022830915922121,1.3831538817636169,no_covariates (regime 4),ER,0.4,41
1.0297184739737737,1.0471842141719827,1.1870129006122498,no_covariates (regime 4),ER,0.4,42
0.9982299604695599,1.0546978309804742,1.1267319534669276,no_covariates (regime 4),ER,0.4,43
0.9451560619939995,1.0063593896793146,1.1923160047972399,no_covariates (regime 4),ER,0.4,44
1.0599624060675776,1.069028165988648,1.2599038822584434,no_covariates (regime 4),ER,0.4,45
0.8600568627738456,0.8996044756403209,1.1681180586059752,no_covariates (regime 4),ER,0.4,46
0.9954971476373788,1.0042016334625912,1.249308660813728,no_covariates (regime 4),ER,0.4,47
0.8604002882182796,0.8812981604843371,1.09871898859629,no_covariates (regime 4),ER,0.4,48
1.081127626699715,1.1098876448109714,1.2503818590856473,no_covariates (regime 4),ER,0.4,49
2.2886744328660398,2.3257115507071617,972500.8170024172,no_covariates (regime 4),SBM,0.1,0
1.0345965909024402,1.2864619271524949,135919.6672738904,no_covariates (regime 4),SBM,0.1,1
1.1182545040208691,1.0917046324500495,1.0553493402998162,no_covariates (regime 4),SBM,0.1,2
1.45685576637357,2.6703819468416223,21781291.61504648,no_covariates (regime 4),SBM,0.1,3
0.9688030651349948,0.9879777075183586,1.387906542068517,no_covariates (regime 4),SBM,0.1,4
1.0616364756535905,3.366672853222112,63.80330501664687,no_covariates (regime 4),SBM,0.1,5
0.9809367193880895,1.1368758628493907,1.2977180491317393,no_covariates (regime 4),SBM,0.1,6
0.8943523932455271,1.0676067868382166,1.2434885770617354,no_covariates (regime 4),SBM,0.1,7
0.9547803735177491,1.1101247694256389,7.131059268985471,no_covariates (regime 4),SBM,0.1,8
1.04932345372458,0.9080507676817372,3.842487477889738,no_covariates (regime 4),SBM,0.1,9
0.9462321870272662,1.0776329107810825,5.216832832534662,no_covariates (regime 4),SBM,0.1,10
0.8848240301171393,2.7095337850846364,399.7431657867872,no_covariates (regime 4),SBM,0.1,11
1.1069140287322488,1.2141749985142567,295.4938785269209,no_covariates (regime 4),SBM,0.1,12
10.853249294040754,26.638793170495727,11044709.281062067,no_covariates (regime 4),SBM,0.1,13
0.8333555140619067,0.870938158351543,1.731265657920721,no_covariates (regime 4),SBM,0.1,14
1.9687783165071437,6.0835034021614005,166531.70487060645,no_covariates (regime 4),SBM,0.1,15
1.1918555525661418,1.3089349940512878,1.6121105224670946,no_covariates (regime 4),SBM,0.1,16
0.8888290242289002,0.9398387822457752,1.3561518010906426,no_covariates (regime 4),SBM,0.1,17
0.8156381587810831,1.9109262441128234,268.83847019183986,no_covariates (regime 4),SBM,0.1,18
1.1900409564149792,1.3442804305340494,5.644147286883259,no_covariates (regime 4),SBM,0.1,19
0.991338553612683,0.9544383209998948,1.146841377230653,no_covariates (regime 4),SBM,0.1,20
0.9899240871650882,1.09406254589792,3.082946873062567,no_covariates (regime 4),SBM,0.1,21
0.9479989082461878,1.9261274227087701,893341.6631474965,no_covariates (regime 4),SBM,0.1,22
0.9677002619067526,6.020787194134608,2485.538725855753,no_covariates (regime 4),SBM,0.1,23
1.0971067169788968,1.0107724827546856,2.9199771027431303,no_covariates (regime 4),SBM,0.1,24
1.0264814657320418,2.552364362800866,24363.142562921155,no_covariates (regime 4),SBM,0.1,25
0.8051323959332701,1.1836044664620209,2.5458404862208845,no_covariates (regime 4),SBM,0.1,26
1.6530573237846429,4.18104323904886,2738907.1824972075,no_covariates (regime 4),SBM,0.1,27
1.0802551912254765,1.2051526026758284,1.3636614319163574,no_covariates (regime 4),SBM,0.1,28
1.1082892747142987,1.2343005307031887,1.4714721822654577,no_covariates (regime 4),SBM,0.1,29
0.8238639939805337,0.9263740555257862,1.0008955888495519,no_covariates (regime 4),SBM,0.1,30
0.7566764788718683,0.7516241255326345,1.0306027205649253,no_covariates (regime 4),SBM,0.1,31
1.2581340458319665,1.5183936444308186,2.115602141636323,no_covariates (regime 4),SBM,0.1,32
0.9807006839802203,2.279940408494733,2184883.825432518,no_covariates (regime 4),SBM,0.1,33
1.1017041023835803,1.2265190025889436,1.631893545123371,no_covariates (regime 4),SBM,0.1,34
2.692734204900171,23.746179467641248,4839165.206900401,no_covariates (regime 4),SBM,0.1,35
0.953727075569654,1.0091516347574,190.8569606348136,no_covariates (regime 4),SBM,0.1,36
0.8900676673818477,2.6264179426228855,22.50871858807691,no_covariates (regime 4),SBM,0.1,37
2.4988032577072605,3.3157164725241315,1355181.2113844356,no_covariates (regime 4),SBM,0.1,38
1.008686014882489,1.676046624370977,44.41329921123612,no_covariates (regime 4),SBM,0.1,39
1.006106936023902,0.9064389675908721,1.5472283151394217,no_covariates (regime 4),SBM,0.1,40
1.7547049420694707,3.903555693043949,7768154.061838215,no_covariates (regime 4),SBM,0.1,41
1.0339263705746349,1.1802119351210014,1.3015189385658494,no_covariates (regime 4),SBM,0.1,42
1.110422412768855,1.1391053741295094,1.3313773067011745,no_covariates (regime 4),SBM,0.1,43
0.9377550200589017,1.1229334990711042,493.8226859716487,no_covariates (regime 4),SBM,0.1,44
6.223157934548884,16.78370348181198,3326534.369966886,no_covariates (regime 4),SBM,0.1,45
2.0349548694740336,5.373951697233994,13665636.568710579,no_covariates (regime 4),SBM,0.1,46
1.2959561523334209,3.3906893676875876,4.4848491467225315,no_covariates (regime 4),SBM,0.1,47
1.036775118861659,1.1371661399622297,4.534185218329062,no_covariates (regime 4),SBM,0.1,48
0.9748300589353862,1.0116761093546733,1.1771936255834534,no_covariates (regime 4),SBM,0.1,49
0.9324964135982736,0.9653067420346663,1.115329069918316,no_covariates (regime 4),SBM,0.4,0
0.8751305279774275,0.8808133138658674,1.0411301794839205,no_covariates (regime 4),SBM,0.4,1
1.0610964351345156,1.1047550209566865,1.3251481987336509,no_covariates (regime 4),SBM,0.4,2
1.0445186916320977,1.0667444638838743,1.2282317951555566,no_covariates (regime 4),SBM,0.4,3
0.9053829486561258,0.9408331008885266,1.239519760869095,no_covariates (regime 4),SBM,0.4,4
1.2044603483517913,1.2359364532939576,1.3454011735969467,no_covariates (regime 4),SBM,0.4,5
1.0623767814830785,1.0643282673078545,1.2952379629247146,no_covariates (regime 4),SBM,0.4,6
0.7439684474724586,0.7370462688220488,0.9179832660741392,no_covariates (regime 4),SBM,0.4,7
1.0151264464851086,0.9943200157370135,1.1263033099376032,no_covariates (regime 4),SBM,0.4,8
1.0402989913540075,1.0446122672470333,1.3926300047160378,no_covariates (regime 4),SBM,0.4,9
1.0938512242450407,1.1099918223847065,1.2017332586113296,no_covariates (regime 4),SBM,0.4,10
1.0433557342250281,1.0490611532476277,1.2928630635854732,no_covariates (regime 4),SBM,0.4,11
1.0687425952907084,1.1011020189882241,1.2935962896591955,no_covariates (regime 4),SBM,0.4,12
0.8312864683341356,0.8358875315517218,1.036556592024837,no_covariates (regime 4),SBM,0.4,13
1.1652470855203987,1.2199890036296712,1.4311254323545242,no_covariates (regime 4),SBM,0.4,14
1.0310779212708778,1.0309227900581457,1.3220232804566237,no_covariates (regime 4),SBM,0.4,15
0.9887592938669983,1.0355399031991057,1.2969070303512682,no_covariates (regime 4),SBM,0.4,16
0.9123873081459141,0.9209254722665534,1.09161628808264,no_covariates (regime 4),SBM,0.4,17
1.0544712211735867,1.0656269590044118,1.2899835911581274,no_covariates (regime 4),SBM,0.4,18
0.9944930837668293,1.0551932109512787,1.3167353895502687,no_covariates (regime 4),SBM,0.4,19
0.9748582733271417,0.9870149384756474,1.2120377385939,no_covariates (regime 4),SBM,0.4,20
0.8170656114314834,0.8005264011820508,0.9252574709261118,no_covariates (regime 4),SBM,0.4,21
0.8725404461165182,0.8792071843297294,1.0039791353284937,no_covariates (regime 4),SBM,0.4,22
0.9506447295110849,0.9634553271111616,1.2913957293062832,no_covariates (regime 4),SBM,0.4,23
0.9986428887934672,1.050858724541063,1.261742846994514,no_covariates (regime 4),SBM,0.4,24
0.8996033405617233,0.9082738842241634,1.0161770420907992,no_covariates (regime 4),SBM,0.4,25
1.1165731054727743,1.1326741722891966,1.2298961735595046,no_covariates (regime 4),SBM,0.4,26
0.922739021371888,0.9346024920534421,1.1362645104723035,no_covariates (regime 4),SBM,0.4,27
0.8822295535159408,0.9438263702120636,1.162863549396565,no_covariates (regime 4),SBM,0.4,28
1.09152374099999,1.0706633112336434,1.2157558599530613,no_covariates (regime 4),SBM,0.4,29
0.9698068294922213,0.9967564751656138,1.1513538052380026,no_covariates (regime 4),SBM,0.4,30
0.9517731141234769,0.9515112808158095,1.0949303777417734,no_covariates (regime 4),SBM,0.4,31
1.0433820630921669,1.0438741085249212,1.2844163057973612,no_covariates (regime 4),SBM,0.4,32
0.9632240532321005,0.970520532577178,1.1521780854762924,no_covariates (regime 4),SBM,0.4,33
1.210791073240653,1.2143759273065293,1.4630936777830215,no_covariates (regime 4),SBM,0.4,34
1.098337121025218,1.1251323614895061,1.2437931398872906,no_covariates (regime 4),SBM,0.4,35
1.0852416665378142,1.0910886601492498,1.3578905435480968,no_covariates (regime 4),SBM,0.4,36
1.1116741411977682,1.1314055484148169,1.2591571282126726,no_covariates (regime 4),SBM,0.4,37
0.9808837846922455,0.9973410386161397,1.1990246186306366,no_covariates (regime 4),SBM,0.4,38
0.9980022982012268,1.0516963836983086,1.1697928993656161,no_covariates (regime 4),SBM,0.4,39
1.0503187523617243,1.0954579084030134,1.1710181719720665,no_covariates (regime 4),SBM,0.4,40
1.1546716080741388,1.138971270676268,1.1332107446807456,no_covariates (regime 4),SBM,0.4,41
0.8967412100669016,0.9137681062738926,1.0528872373155338,no_covariates (regime 4),SBM,0.4,42
1.0774679124898632,1.1083001558558878,1.1821977973673994,no_covariates (regime 4),SBM,0.4,43
0.9386973358616444,0.9811163548059989,1.1303158691547184,no_covariates (regime 4),SBM,0.4,44
1.1725089454466853,1.1777896275719615,1.4306668408232077,no_covariates (regime 4),SBM,0.4,45
1.0553300007443702,1.07740792803542,1.2028660348668674,no_covariates (regime 4),SBM,0.4,46
1.0830151889032846,1.0803408911058485,1.19291063328247,no_covariates (regime 4),SBM,0.4,47
0.9379120320163381,0.9495527649687371,1.2727228175423397,no_covariates (regime 4),SBM,0.4,48
1.0351030161921555,1.0634289054309378,1.354911263021009,no_covariates (regime 4),SBM,0.4,49
0.8587915292371804,0.886970215752672,1.1611970270664576,no_covariates (regime 4),RDP,0.1,0
1.3890003069939738,2.5519020781858277,1480790.479367608,no_covariates (regime 4),RDP,0.1,1
1.2090800254642509,2.1181323656437403,7.98308754816961,no_covariates (regime 4),RDP,0.1,2
5.078533278351509,3.837647826845547,3432232.8470076458,no_covariates (regime 4),RDP,0.1,3
0.9105261147224463,5.059053022602523,219.01615164909634,no_covariates (regime 4),RDP,0.1,4
1.0190228269055055,1.0381069686359523,1.305993396301549,no_covariates (regime 4),RDP,0.1,5
0.978536868897421,1.192102091655054,3.5598179206810103,no_covariates (regime 4),RDP,0.1,6
1.350837761186233,1.5636245758914282,211887.5979252843,no_covariates (regime 4),RDP,0.1,7
1.0969595256657316,1.2574818584841672,1.8470218088336676,no_covariates (regime 4),RDP,0.1,8
0.46628611085172167,0.5362168514003788,0.8306821377311192,no_covariates (regime 4),RDP,0.1,9
1.1317229187855462,1.4125079770041398,3.9747017430180187,no_covariates (regime 4),RDP,0.1,10
1.1616913656908754,1.2672097330149064,347.47223883565977,no_covariates (regime 4),RDP,0.1,11
1.3900881928590463,2.982264910582459,4420607.610011586,no_covariates (regime 4),RDP,0.1,12
1.6011126453092333,6.2404405050096,251711.35053075547,no_covariates (regime 4),RDP,0.1,13
0.8734510927562427,1.1025886298513574,1.5860248995099175,no_covariates (regime 4),RDP,0.1,14
1.2266902647994713,1.2074968774216515,659988.3203949843,no_covariates (regime 4),RDP,0.1,15
1.3514326959541896,18.645854736672643,2085.6185162876404,no_covariates (regime 4),RDP,0.1,16
1.086693959503844,1.0544656407733142,284.8634066465825,no_covariates (regime 4),RDP,0.1,17
0.9967589495768266,1.1837882928129104,203.85179514262217,no_covariates (regime 4),RDP,0.1,18
1.322767983882752,1.4515377527239486,1.7618911281005998,no_covariates (regime 4),RDP,0.1,19
0.7875851639011591,0.9639760737131899,3.510193772058076,no_covariates (regime 4),RDP,0.1,20
1.0490013533150389,4.897799083719573,17692.797963468325,no_covariates (regime 4),RDP,0.1,21
0.8823439629070496,0.9633703622704988,314.0768442618325,no_covariates (regime 4),RDP,0.1,22
1.0706857768927043,2.1474264849666027,2514.336835338234,no_covariates (regime 4),RDP,0.1,23
1.1635128713457499,1.1132070206987492,2.5589631047363497,no_covariates (regime 4),RDP,0.1,24
1.0427357526905918,2.069970417261301,373.632488881705,no_covariates (regime 4),RDP,0.1,25
0.9661901433235587,3.2178470648193587,4.797546558038749,no_covariates (regime 4),RDP,0.1,26
3.373276668273208,2.8784160784072994,1325561.0529193284,no_covariates (regime 4),RDP,0.1,27
1.2893060075730243,2.483995608488838,15216669.469998945,no_covariates (regime 4),RDP,0.1,28
2.063117673365908,24.058156309614773,2431054.520784077,no_covariates (regime 4),RDP,0.1,29
1.0682246288771282,1.1525845787479139,22508.741358413114,no_covariates (regime 4),RDP,0.1,30
1.4004941478150492,2.8015145596219955,3195027.559432261,no_covariates (regime 4),RDP,0.1,31
1.0857270615456467,1.1625480756188091,1.185837532054878,no_covariates (regime 4),RDP,0.1,32
19.882866138914462,11.643904698609246,53874.18932678193,no_covariates (regime 4),RDP,0.1,33
4.219359038080488,2.1714341250257703,56997.12589670342,no_covariates (regime 4),RDP,0.1,34
1.5128094273915038,3.239700079984086,27074.91167997993,no_covariates (regime 4),RDP,0.1,35
0.9535563143430572,5.655972368555368,3232.947776234534,no_covariates (regime 4),RDP,0.1,36
0.9342163776657711,1.0108536336516507,1.5611067010221078,no_covariates (regime 4),RDP,0.1,37
0.7708608235395734,4.308100006765285,2902.3823383035415,no_covariates (regime 4),RDP,0.1,38
1.1694420721844272,2.573662502495116,1771562.181150856,no_covariates (regime 4),RDP,0.1,39
1.9635313476859375,3.388169880909177,11399926.72497366,no_covariates (regime 4),RDP,0.1,40
0.9041430047180361,0.8288902770207541,5.114878203723911,no_covariates (regime 4),RDP,0.1,41
0.954195459589881,1.1794366673275565,10.208810458091794,no_covariates (regime 4),RDP,0.1,42
0.8486669966500493,2.42469303063463,69.82300646148727,no_covariates (regime 4),RDP,0.1,43
0.9364180594576074,1.1037460886315253,0.9414450773996299,no_covariates (regime 4),RDP,0.1,44
1.0433893716354952,4.222828941753837,1182.0313230948448,no_covariates (regime 4),RDP,0.1,45
0.9862132463011207,1.1273585557130579,2.1289538624994218,no_covariates (regime 4),RDP,0.1,46
1.1663393710044951,3.8222761248983947,18.253354292053814,no_covariates (regime 4),RDP,0.1,47
1.1216564665251076,1.2277055219261255,1.106881436156667,no_covariates (regime 4),RDP,0.1,48
1.025225936768976,1.219159423914805,1.1937228498265993,no_covariates (regime 4),RDP,0.1,49
1.0586987502957113,1.0516152915509065,1.2302075888176371,no_covariates (regime 4),RDP,0.4,0
1.0808254535067174,1.10905742711126,1.2673554934034175,no_covariates (regime 4),RDP,0.4,1
1.1753855434332834,1.1716128564375603,1.3817087753740707,no_covariates (regime 4),RDP,0.4,2
1.0482950918658052,1.050891799314978,1.2824207718366178,no_covariates (regime 4),RDP,0.4,3
1.080303164250505,1.1109846707432574,1.2302437137590232,no_covariates (regime 4),RDP,0.4,4
1.055639512138564,1.064903641646799,1.2761207166148227,no_covariates (regime 4),RDP,0.4,5
0.94123808616824,0.9421964173074882,1.1651973318981383,no_covariates (regime 4),RDP,0.4,6
0.993850716577835,1.0287585461771813,1.1764161529107746,no_covariates (regime 4),RDP,0.4,7
0.9995441074804544,0.9979320332735596,1.2161325655023076,no_covariates (regime 4),RDP,0.4,8
0.908767774430151,0.9264672923263019,1.1703975823939574,no_covariates (regime 4),RDP,0.4,9
1.0584119456936236,1.0831795456769229,1.234302587777616,no_covariates (regime 4),RDP,0.4,10
0.9559671760388238,0.9792034889845552,1.1676214481305622,no_covariates (regime 4),RDP,0.4,11
0.9505932994013571,0.9492823427577274,1.194595978679603,no_covariates (regime 4),RDP,0.4,12
0.9306365545941717,0.9446579040201695,1.1449077915475745,no_covariates (regime 4),RDP,0.4,13
0.9599763609191566,0.968889223430289,1.1573613807770136,no_covariates (regime 4),RDP,0.4,14
0.9137829025054949,0.9404230412257856,1.143993313925105,no_covariates (regime 4),RDP,0.4,15
1.0441350170472143,1.0658214900458294,1.1842446709033556,no_covariates (regime 4),RDP,0.4,16
0.9759663798048476,0.9744411567792093,1.2724121229854926,no_covariates (regime 4),RDP,0.4,17
1.0587300949255865,1.1139180849127117,1.3649719489160066,no_covariates (regime 4),RDP,0.4,18
1.0689709442055007,1.0901896562293438,1.2758609475602873,no_covariates (regime 4),RDP,0.4,19
1.028597241982284,1.0785767536410902,1.2516492863481206,no_covariates (regime 4),RDP,0.4,20
1.0206675508846912,1.0199651749265726,1.269097517705061,no_covariates (regime 4),RDP,0.4,21
1.0285325402620475,1.0552811487801974,1.222367257789528,no_covariates (regime 4),RDP,0.4,22
0.9816581793214819,0.9894991085486675,1.1531870520662386,no_covariates (regime 4),RDP,0.4,23
0.9110919324987328,0.9918562581748599,1.1188876064884097,no_covariates (regime 4),RDP,0.4,24
1.0442588591822803,1.0342454659386189,1.2768649275972908,no_covariates (regime 4),RDP,0.4,25
0.9931295210536543,1.0067778214965184,1.172964514129686,no_covariates (regime 4),RDP,0.4,26
0.9205598561355409,0.9336183683274895,1.014942982323386,no_covariates (regime 4),RDP,0.4,27
0.9107499389454894,0.931182488891927,1.0111537777314596,no_covariates (regime 4),RDP,0.4,28
1.0897683295134377,1.1153390527823066,1.3122331293552894,no_covariates (regime 4),RDP,0.4,29
0.8065916792243532,0.7756368050544907,1.082230936228593,no_covariates (regime 4),RDP,0.4,30
0.9421352269526371,0.9330045731213445,1.1949034778379695,no_covariates (regime 4),RDP,0.4,31
1.039001867242923,1.0466641585513137,1.3447837401414109,no_covariates (regime 4),RDP,0.4,32
0.9558163985625613,1.0303568479945968,1.2439519446869816,no_covariates (regime 4),RDP,0.4,33
1.0157568446051368,1.042433531266055,1.3498361698705696,no_covariates (regime 4),RDP,0.4,34
0.8860248875788299,0.9386725189481137,1.1563021322185616,no_covariates (regime 4),RDP,0.4,35
1.0705892097346308,1.1367014268886082,1.5233030176764182,no_covariates (regime 4),RDP,0.4,36
0.8997323152924749,0.9450326317739112,1.2913213422377467,no_covariates (regime 4),RDP,0.4,37
0.8918406456995017,0.9104094367372378,1.0883822838397923,no_covariates (regime 4),RDP,0.4,38
0.8683728819249307,0.9039775500773564,1.0395764446678626,no_covariates (regime 4),RDP,0.4,39
0.9174985734575393,0.9102055202233141,1.2613010780262823,no_covariates (regime 4),RDP,0.4,40
0.8687564494928501,0.9169087621615131,1.0956342847816047,no_covariates (regime 4),RDP,0.4,41
0.9606141461211225,0.9719002168147823,1.172483469844961,no_covariates (regime 4),RDP,0.4,42
1.0760078745876054,1.0955197811067763,1.319632579638287,no_covariates (regime 4),RDP,0.4,43
0.94052073439214,0.9731764582994079,1.3605752959631978,no_covariates (regime 4),RDP,0.4,44
0.9676638746905764,0.9859838775696084,1.2300564009388282,no_covariates (regime 4),RDP,0.4,45
1.0998269339692157,1.1811719311230036,1.2900023111255594,no_covariates (regime 4),RDP,0.4,46
0.9582841195202322,1.0336786652118324,1.3285294149797202,no_covariates (regime 4),RDP,0.4,47
1.0297138821420806,1.008664016883864,1.0797125085354153,no_covariates (regime 4),RDP,0.4,48
0.8706298634392303,0.8498859947167775,1.1418424731562151,no_covariates (regime 4),RDP,0.4,49
1.1171171134184938,1.282953902007349,1.3914146870957382,with_covariates_no_interaction (regime 8),ER,0.1,0
1.053233603438697,1.066128805739959,2.4227397348376276,with_covariates_no_interaction (regime 8),ER,0.1,1
0.8952993826910243,1.071774412005487,1.4273251338133857,with_covariates_no_interaction (regime 8),ER,0.1,2
1.2117170138988669,1.3148004180609267,3.9586061027463506,with_covariates_no_interaction (regime 8),ER,0.1,3
1.057973483711933,2.797677482802525,56719.385498654134,with_covariates_no_interaction (regime 8),ER,0.1,4
1.1733018169340421,1.5587865103557526,1.687920428711793,with_covariates_no_interaction (regime 8),ER,0.1,5
1.609934491532642,3.5202394041375205,2069211.86478383,with_covariates_no_interaction (regime 8),ER,0.1,6
25.598986645898176,28.684674567572397,17659854.899016883,with_covariates_no_interaction (regime 8),ER,0.1,7
1.366485185668241,1.3440288720812787,1.6491587308311455,with_covariates_no_interaction (regime 8),ER,0.1,8
1.5171851572827617,1.7421776303711007,2.13746384923142,with_covariates_no_interaction (regime 8),ER,0.1,9
1.2286363921827836,1.2669933978748835,1.5256777045308625,with_covariates_no_interaction (regime 8),ER,0.1,10
0.7599657805133496,1.159911834033595,12489.418494946982,with_covariates_no_interaction (regime 8),ER,0.1,11
1.2332061066993323,3.9369154616274855,4119606.260516974,with_covariates_no_interaction (regime 8),ER,0.1,12
1.3969769673665708,1.7753738363490437,2.0647400896127706,with_covariates_no_interaction (regime 8),ER,0.1,13
0.965021198440001,1.3852275274316055,1.8341053569441885,with_covariates_no_interaction (regime 8),ER,0.1,14
0.8949204714419168,1.0749556967209621,19.17167941896924,with_covariates_no_interaction (regime 8),ER,0.1,15
1.1189605107772551,1.7201754617812621,16943.949386755678,with_covariates_no_interaction (regime 8),ER,0.1,16
1.0738846314938157,2.006867081432347,14.637186156052087,with_covariates_no_interaction (regime 8),ER,0.1,17
1.521951871878945,1.772680106013074,1012430.6155684893,with_covariates_no_interaction (regime 8),ER,0.1,18
1.0843063192405322,4.402886917867004,17.05960590339113,with_covariates_no_interaction (regime 8),ER,0.1,19
0.6985943461562296,1.0734424588411022,18.25028600319943,with_covariates_no_interaction (regime 8),ER,0.1,20
1.0576585262659335,6.727097293548885,11747.759083419996,with_covariates_no_interaction (regime 8),ER,0.1,21
1.8592506160440403,4.121979445843828,2518011.09838327,with_covariates_no_interaction (regime 8),ER,0.1,22
1.03044954572106,1.1533973808792173,1.3836191435997345,with_covariates_no_interaction (regime 8),ER,0.1,23
1.3946020055361776,1.5499734853583749,1.8636356766188065,with_covariates_no_interaction (regime 8),ER,0.1,24
1.4968851325219752,4.055459911874274,374623.28557845624,with_covariates_no_interaction (regime 8),ER,0.1,25
1.0997334082630803,1.0674314738385997,1.1892156393270505,with_covariates_no_interaction (regime 8),ER,0.1,26
0.8734702532017091,3.4532852289392046,80534.91023764621,with_covariates_no_interaction (regime 8),ER,0.1,27
1.417552630494801,5.240421202540306,42.66415020615287,with_covariates_no_interaction (regime 8),ER,0.1,28
1.0800175416846258,1.069928267835628,1.2105925520384848,with_covariates_no_interaction (regime 8),ER,0.1,29
1.015235130689459,1.029020087787886,1.5106232481103004,with_covariates_no_interaction (regime 8),ER,0.1,30
1.0254037468004358,1.2619830767346882,1.7998436372974589,with_covariates_no_interaction (regime 8),ER,0.1,31
0.7995629212968106,1.4532958327786552,1.5107415924201248,with_covariates_no_interaction (regime 8),ER,0.1,32
0.9216252065134933,1.337304428637094,21.579429746308037,with_covariates_no_interaction (regime 8),ER,0.1,33
0.842021459642877,1.3097335353859045,1.445245687533245,with_covariates_no_interaction (regime 8),ER,0.1,34
1.318026946570811,1.6695927405977828,1.5235100625515936,with_covariates_no_interaction (regime 8),ER,0.1,35
1.2073653107650861,1.2324752370856689,1.6276063132826781,with_covariates_no_interaction (regime 8),ER,0.1,36
18.21320339909808,6.73678470672677,10561093.89075524,with_covariates_no_interaction (regime 8),ER,0.1,37
1.01051825704517,1.9683273825025658,972.9629127389027,with_covariates_no_interaction (regime 8),ER,0.1,38
1.0192493185083786,4.3331528292294434,792522.5696409581,with_covariates_no_interaction (regime 8),ER,0.1,39
1.3346746498679454,1.4224043231706787,2.249782098485609,with_covariates_no_interaction (regime 8),ER,0.1,40
1.5315310481978273,1.782568945049295,1.4142298889461054,with_covariates_no_interaction (regime 8),ER,0.1,41
1.0974887542403315,1.25305061079353,1.917902406119998,with_covariates_no_interaction (regime 8),ER,0.1,42
0.6698570298572154,5.220942012703904,2260.1287060962372,with_covariates_no_interaction (regime 8),ER,0.1,43
1.025122097399493,5.646986254938405,1401.337147230543,with_covariates_no_interaction (regime 8),ER,0.1,44
1.5621237165187543,5.965619832303588,3962439.017471307,with_covariates_no_interaction (regime 8),ER,0.1,45
1.3302802912630411,1.5636473302556555,70.84166756359276,with_covariates_no_interaction (regime 8),ER,0.1,46
0.8793314282494987,1.1976605859802656,6397.687518444139,with_covariates_no_interaction (regime 8),ER,0.1,47
29.546708821812974,13.546490557540604,2553265.995723766,with_covariates_no_interaction (regime 8),ER,0.1,48
1.5795743528186945,4.210216543098479,12462437.093080834,with_covariates_no_interaction (regime 8),ER,0.1,49
0.9827215777585158,1.1188679899269687,1.1230151864111753,with_covariates_no_interaction (regime 8),ER,0.4,0
1.0366910512205898,1.173770014874322,1.345335966572839,with_covariates_no_interaction (regime 8),ER,0.4,1
1.1425115451407026,1.1887974900709617,1.3622810886923926,with_covariates_no_interaction (regime 8),ER,0.4,2
1.0491779348417385,1.2482120906298484,1.4066751323556104,with_covariates_no_interaction (regime 8),ER,0.4,3
0.989410548589022,1.0946340587310566,1.2500442095689344,with_covariates_no_interaction (regime 8),ER,0.4,4
1.051271697454952,1.22926429551144,1.3214955274969162,with_covariates_no_interaction (regime 8),ER,0.4,5
1.2213211765850145,1.3770379588214936,1.458172284165638,with_covariates_no_interaction (regime 8),ER,0.4,6
1.1724735153175923,1.3136255054058632,1.355918995230408,with_covariates_no_interaction (regime 8),ER,0.4,7
1.0391434063414648,1.1469425519533132,1.4455054105782863,with_covariates_no_interaction (regime 8),ER,0.4,8
1.3745669296756726,1.4437695995228144,1.9296715110440927,with_covariates_no_interaction (regime 8),ER,0.4,9
1.101009218281222,1.235807820551139,1.3622112073606116,with_covariates_no_interaction (regime 8),ER,0.4,10
0.9317238266787082,1.0973163419043397,1.216092358288254,with_covariates_no_interaction (regime 8),ER,0.4,11
0.9553725495297735,0.9807355511582373,1.1448430517422012,with_covariates_no_interaction (regime 8),ER,0.4,12
1.3241254352226548,1.616377569521625,1.853896898393996,with_covariates_no_interaction (regime 8),ER,0.4,13
1.1469590476567522,1.2218238178805092,1.6187932357605754,with_covariates_no_interaction (regime 8),ER,0.4,14
1.1214267198163106,1.25178053298416,1.362359727177804,with_covariates_no_interaction (regime 8),ER,0.4,15
0.9586388665284793,1.1047127647124237,1.1761472686955687,with_covariates_no_interaction (regime 8),ER,0.4,16
1.2290485583625257,1.3431816513505626,1.5451446197883183,with_covariates_no_interaction (regime 8),ER,0.4,17
1.086378814664268,1.193145828910916,1.2799927829667015,with_covariates_no_interaction (regime 8),ER,0.4,18
1.0788137882236333,1.2542293857466604,1.762713403094463,with_covariates_no_interaction (regime 8),ER,0.4,19
0.8742633159358075,1.1120756942364027,1.3184412505113712,with_covariates_no_interaction (regime 8),ER,0.4,20
0.8654522733055028,1.0069965372026584,1.1160586049109593,with_covariates_no_interaction (regime 8),ER,0.4,21
1.0626101393214142,1.2755859496278956,1.4777047599310733,with_covariates_no_interaction (regime 8),ER,0.4,22
1.0544174778092368,1.1852307051893822,1.4119868254109784,with_covariates_no_interaction (regime 8),ER,0.4,23
1.0450952437969672,1.2427124764661974,1.5755220145819426,with_covariates_no_interaction (regime 8),ER,0.4,24
0.9186313730523453,1.0065980345021568,1.0899871908682952,with_covariates_no_interaction (regime 8),ER,0.4,25
1.1825457574851792,1.253946217398987,1.5623775710407517,with_covariates_no_interaction (regime 8),ER,0.4,26
1.0033882092315445,1.1350942156300312,1.406576456642011,with_covariates_no_interaction (regime 8),ER,0.4,27
1.464046449863757,1.8114340124044683,1.5881929777744503,with_covariates_no_interaction (regime 8),ER,0.4,28
1.1498419697440756,1.3286357274009453,1.4398115250992882,with_covariates_no_interaction (regime 8),ER,0.4,29
0.9381997760287193,0.982355161305582,1.152167385958675,with_covariates_no_interaction (regime 8),ER,0.4,30
0.9090067335629711,0.9965161846177117,1.4726679953226463,with_covariates_no_interaction (regime 8),ER,0.4,31
1.081606628802035,1.2795993342654857,1.3800912224743724,with_covariates_no_interaction (regime 8),ER,0.4,32
1.0349167225855564,1.1304103003698134,1.4311912361023713,with_covariates_no_interaction (regime 8),ER,0.4,33
0.7709662303871571,0.9500561416606174,1.1363150783008997,with_covariates_no_interaction (regime 8),ER,0.4,34
1.427801926052644,1.5718617073315464,1.3784395880457083,with_covariates_no_interaction (regime 8),ER,0.4,35
1.006417040120397,1.072750016006392,1.5339650195449315,with_covariates_no_interaction (regime 8),ER,0.4,36
1.0695081018587076,1.2823530530915235,1.5270345069556803,with_covariates_no_interaction (regime 8),ER,0.4,37
0.9677255982337708,1.05501572983742,1.31402731089328,with_covariates_no_interaction (regime 8),ER,0.4,38
1.255932264097674,1.3469239721875115,1.3303955591706351,with_covariates_no_interaction (regime 8),ER,0.4,39
1.139670377460228,1.2936063451820417,2.089863256589186,with_covariates_no_interaction (regime 8),ER,0.4,40
1.3857179169314728,1.4668508385540762,1.3964282046437533,with_covariates_no_interaction (regime 8),ER,0.4,41
1.0019681848478876,1.0906843431303976,2.0440621760291395,with_covariates_no_interaction (regime 8),ER,0.4,42
1.0603825693474294,1.2241352105730667,1.294312417067208,with_covariates_no_interaction (regime 8),ER,0.4,43
0.9455598627664656,1.0535447289477011,1.1065869949627258,with_covariates_no_interaction (regime 8),ER,0.4,44
0.9641032497881785,1.2577589169215695,1.503202852513285,with_covariates_no_interaction (regime 8),ER,0.4,45
1.1296975844031516,1.3260185496812815,1.2291961123663,with_covariates_no_interaction (regime 8),ER,0.4,46
1.0241015556877011,1.1077859885604906,1.3449278107665248,with_covariates_no_interaction (regime 8),ER,0.4,47
1.060554122485119,1.2128916206052625,1.1753313656466102,with_covariates_no_interaction (regime 8),ER,0.4,48
1.054962430495951,1.1892384069491941,1.301744799677853,with_covariates_no_interaction (regime 8),ER,0.4,49
1.4992696672697077,4.660442924239939,2135780.0463538105,with_covariates_no_interaction (regime 8),SBM,0.1,0
1.0605639329497931,2.530509385842157,36.76504968698085,with_covariates_no_interaction (regime 8),SBM,0.1,1
1.0785776927794102,2.235003974117338,161991.05094535975,with_covariates_no_interaction (regime 8),SBM,0.1,2
1.2087263878731156,6.53180869410826,172.51359002760668,with_covariates_no_interaction (regime 8),SBM,0.1,3
1.2450358271891475,2.6058501492086235,118729.63562002475,with_covariates_no_interaction (regime 8),SBM,0.1,4
1.2910452690666756,1.375482885985116,1.5278551422191262,with_covariates_no_interaction (regime 8),SBM,0.1,5
1.3149429293987955,1.656469162281163,1.723316534554547,with_covariates_no_interaction (regime 8),SBM,0.1,6
2.6310878224782686,2.3502605546864856,5376228.351492755,with_covariates_no_interaction (regime 8),SBM,0.1,7
1.0680677249421597,1.140440146842625,1.2480203247103883,with_covariates_no_interaction (regime 8),SBM,0.1,8
1.7171307148852217,2.146758419138219,542772.8869520315,with_covariates_no_interaction (regime 8),SBM,0.1,9
0.8424136466957156,1.1821852690825496,1.3715632739720838,with_covariates_no_interaction (regime 8),SBM,0.1,10
2.6826241288808457,1.7971435859505693,2837.232823166029,with_covariates_no_interaction (regime 8),SBM,0.1,11
1.7712146972153404,2.9770486971014196,115220.63135916821,with_covariates_no_interaction (regime 8),SBM,0.1,12
1.7937324333895135,3.2584461855034723,66943097.39861298,with_covariates_no_interaction (regime 8),SBM,0.1,13
0.9728893744623237,0.8972866200870727,1.49988168286096,with_covariates_no_interaction (regime 8),SBM,0.1,14
1.2221573916858388,1.4029328284842715,1.709668107571011,with_covariates_no_interaction (regime 8),SBM,0.1,15
1.2938309470832783,1.5035659519022075,1.955872975619499,with_covariates_no_interaction (regime 8),SBM,0.1,16
1.0938972715714734,1.359997530905867,1.8872988213087771,with_covariates_no_interaction (regime 8),SBM,0.1,17
0.9849233288996184,7.465693583814448,10.834898409359484,with_covariates_no_interaction (regime 8),SBM,0.1,18
2.571004266041807,3.3829713669682695,6177.041246916199,with_covariates_no_interaction (regime 8),SBM,0.1,19
0.9520683485277277,1.188566070661574,1.4611263039198643,with_covariates_no_interaction (regime 8),SBM,0.1,20
1.344703207056407,3.06908151453986,10383152.532517053,with_covariates_no_interaction (regime 8),SBM,0.1,21
1.9160240229841987,9.095798438028751,909432.7820716284,with_covariates_no_interaction (regime 8),SBM,0.1,22
1.113683180243529,5.493877185455961,1957.3695592153258,with_covariates_no_interaction (regime 8),SBM,0.1,23
1.3556903542880654,3.2690455193940755,2219.9246160091784,with_covariates_no_interaction (regime 8),SBM,0.1,24
1.1077134531554096,1.4244918512876916,18.142739482800113,with_covariates_no_interaction (regime 8),SBM,0.1,25
1.0804891025435541,1.2197589502885575,1.5219910959666472,with_covariates_no_interaction (regime 8),SBM,0.1,26
1.0336872545063482,1.1283540508450802,2.471093379776769,with_covariates_no_interaction (regime 8),SBM,0.1,27
1.367946667588512,6.055062511973073,13.86618687451927,with_covariates_no_interaction (regime 8),SBM,0.1,28
1.6171941904162621,6.379119809024418,96954141844.51068,with_covariates_no_interaction (regime 8),SBM,0.1,29
1.124359872452115,1.0915004069976784,11.794052248855083,with_covariates_no_interaction (regime 8),SBM,0.1,30
0.9393190620218611,1.1653018528119337,6.144265204716585,with_covariates_no_interaction (regime 8),SBM,0.1,31
0.971043248786833,1.118732964059455,1.4798515236003273,with_covariates_no_interaction (regime 8),SBM,0.1,32
0.9383358864120334,7.178223189576287,47919.427476588055,with_covariates_no_interaction (regime 8),SBM,0.1,33
1.0943052659706844,1.1277277550867808,1.1504899852552317,with_covariates_no_interaction (regime 8),SBM,0.1,34
1.3481926640819721,1.7452983626064364,1.4896972993857802,with_covariates_no_interaction (regime 8),SBM,0.1,35
9.61750728898798,3.541452857800602,3565236.9099394274,with_covariates_no_interaction (regime 8),SBM,0.1,36
0.9540529994657444,6.216120987978655,16.825192609763395,with_covariates_no_interaction (regime 8),SBM,0.1,37
1.225708533732933,1.3702520376578877,1.6796155555767132,with_covariates_no_interaction (regime 8),SBM,0.1,38
1.0928209135839404,4.098046283840691,9298.39692185579,with_covariates_no_interaction (regime 8),SBM,0.1,39
0.8161252066170595,1.2396864452661973,39.70524327312646,with_covariates_no_interaction (regime 8),SBM,0.1,40
1.7524986945438832,6.84860654338607,114447.65262765395,with_covariates_no_interaction (regime 8),SBM,0.1,41
0.9457793284773929,1.6751696784818189,11.629092192211758,with_covariates_no_interaction (regime 8),SBM,0.1,42
1.0633023679228963,1.2167324655098641,1.3773065031679128,with_covariates_no_interaction (regime 8),SBM,0.1,43
0.9722199733323282,1.3532420997318648,1.3481361892438686,with_covariates_no_interaction (regime 8),SBM,0.1,44
0.8680182724046575,1.1475474930252705,12.319930379101432,with_covariates_no_interaction (regime 8),SBM,0.1,45
1.245076197255355,3.2396153458304067,111067.1444678566,with_covariates_no_interaction (regime 8),SBM,0.1,46
0.8684220389391356,1.4772608894454664,1.159221644100629,with_covariates_no_interaction (regime 8),SBM,0.1,47
1.112213251820487,2.1538937778390483,56.1741859974422,with_covariates_no_interaction (regime 8),SBM,0.1,48
1.0023723966831775,1.382375761263244,14.077748508657027,with_covariates_no_interaction (regime 8),SBM,0.1,49
1.1591937893155881,1.2869504007531931,1.341199924962415,with_covariates_no_interaction (regime 8),SBM,0.4,0
1.0946176534334073,1.2428580318853848,1.4201381069582448,with_covariates_no_interaction (regime 8),SBM,0.4,1
1.0395637932735862,1.3681819299988565,1.6011875170515946,with_covariates_no_interaction (regime 8),SBM,0.4,2
1.0097485015345113,1.231213547480304,1.2990435301055425,with_covariates_no_interaction (regime 8),SBM,0.4,3
1.135042015341772,1.2727153202914847,1.2514767940005758,with_covariates_no_interaction (regime 8),SBM,0.4,4
1.4576736814241298,1.6112425959505645,1.8429509715818475,with_covariates_no_interaction (regime 8),SBM,0.4,5
1.0314345140245058,1.1335155677895963,1.157311961086858,with_covariates_no_interaction (regime 8),SBM,0.4,6
1.176109488484032,1.3279219433167258,1.27750326159446,with_covariates_no_interaction (regime 8),SBM,0.4,7
1.0390399980334721,1.1157628222466152,1.4019914730259697,with_covariates_no_interaction (regime 8),SBM,0.4,8
1.4926689014175936,1.6127623842305803,2.074582694885452,with_covariates_no_interaction (regime 8),SBM,0.4,9
1.102089048065478,1.2304119510407308,1.3563230613447528,with_covariates_no_interaction (regime 8),SBM,0.4,10
1.0602699825246753,1.2294996417944812,1.3352976338445572,with_covariates_no_interaction (regime 8),SBM,0.4,11
0.864421494880564,0.9902397594457062,1.1589560914039063,with_covariates_no_interaction (regime 8),SBM,0.4,12
1.2543163085090037,1.4215074210311474,1.590115893268007,with_covariates_no_interaction (regime 8),SBM,0.4,13
1.1486099544218686,1.2511435830038404,1.6153733603106517,with_covariates_no_interaction (regime 8),SBM,0.4,14
0.9871904097510572,1.171183567808748,1.269379561268889,with_covariates_no_interaction (regime 8),SBM,0.4,15
1.1292698322937023,1.2308361755745183,1.3171534926682766,with_covariates_no_interaction (regime 8),SBM,0.4,16
0.8787638898185678,1.0057413258632655,1.1498026686784009,with_covariates_no_interaction (regime 8),SBM,0.4,17
1.0628455607401812,1.138374672468664,1.3048246219725885,with_covariates_no_interaction (regime 8),SBM,0.4,18
1.0999988934937404,1.3224526911762342,1.5425544333953254,with_covariates_no_interaction (regime 8),SBM,0.4,19
1.186825261557544,1.3781904679085373,1.5791454070728348,with_covariates_no_interaction (regime 8),SBM,0.4,20
1.0892085277738157,1.2912966948983051,1.4013945497194693,with_covariates_no_interaction (regime 8),SBM,0.4,21
1.0985580891530777,1.213652675845048,1.3415546405954388,with_covariates_no_interaction (regime 8),SBM,0.4,22
0.9636736399673497,0.9859953018843458,1.2485386521009818,with_covariates_no_interaction (regime 8),SBM,0.4,23
1.1683675154530062,1.3095490916946335,1.6214900551989122,with_covariates_no_interaction (regime 8),SBM,0.4,24
0.9579294283812866,1.156197305104743,1.3659628959017487,with_covariates_no_interaction (regime 8),SBM,0.4,25
1.1999746697347402,1.3016917131783552,1.5441260210021175,with_covariates_no_interaction (regime 8),SBM,0.4,26
0.9624662404577126,1.121186305198985,1.3924363361120213,with_covariates_no_interaction (regime 8),SBM,0.4,27
1.5695924577140987,1.826235634625207,1.7240892149151605,with_covariates_no_interaction (regime 8),SBM,0.4,28
1.2127545808084306,1.315979011230683,1.2274552025231336,with_covariates_no_interaction (regime 8),SBM,0.4,29
0.9401572067986189,1.0144536545018665,1.1753175021754867,with_covariates_no_interaction (regime 8),SBM,0.4,30
0.9276011242960536,1.121760408440064,1.6746226691724186,with_covariates_no_interaction (regime 8),SBM,0.4,31
0.9698447667748227,1.1909142265783752,1.3977087289138086,with_covariates_no_interaction (regime 8),SBM,0.4,32
0.9605078283685206,1.1658725305952686,1.3867042165190329,with_covariates_no_interaction (regime 8),SBM,0.4,33
1.2484509471734437,1.3824584269175886,1.5199178244009501,with_covariates_no_interaction (regime 8),SBM,0.4,34
1.1547806503995837,1.2758542249813563,1.22387296143015,with_covariates_no_interaction (regime 8),SBM,0.4,35
1.1592710853958998,1.1926104734004144,1.717503748614318,with_covariates_no_interaction (regime 8),SBM,0.4,36
1.149824460336511,1.3610693149665902,1.5579330821499409,with_covariates_no_interaction (regime 8),SBM,0.4,37
1.0161491099961406,1.1352936468587482,1.3275369483866148,with_covariates_no_interaction (regime 8),SBM,0.4,38
1.153189426200682,1.2068581224280968,1.23927892619069,with_covariates_no_interaction (regime 8),SBM,0.4,39
0.908455308659041,1.1802387024505339,1.9189179227625413,with_covariates_no_interaction (regime 8),SBM,0.4,40
1.6238044942787468,1.7424587184740732,1.3596507981505535,with_covariates_no_interaction (regime 8),SBM,0.4,41
1.0437453564918588,1.1654357707026675,1.9665251539068755,with_covariates_no_interaction (regime 8),SBM,0.4,42
0.9224550008017832,1.1060226353265497,1.268762604220917,with_covariates_no_interaction (regime 8),SBM,0.4,43
1.0497800768858672,1.233639873000636,1.2585187991359557,with_covariates_no_interaction (regime 8),SBM,0.4,44
0.9505655987869985,1.035088296997847,1.1226937584908052,with_covariates_no_interaction (regime 8),SBM,0.4,45
1.1817217078840678,1.305144863329491,1.154638055723586,with_covariates_no_interaction (regime 8),SBM,0.4,46
1.1091581679512785,1.1776295304298536,1.2280309796549436,with_covariates_no_interaction (regime 8),SBM,0.4,47
0.9325555684037449,1.105105633028379,1.327108539821385,with_covariates_no_interaction (regime 8),SBM,0.4,48
0.9933951208334547,1.1239325520845804,1.324931164018403,with_covariates_no_interaction (regime 8),SBM,0.4,49
1.0028594010523741,1.2585784102927224,1.240741324973358,with_covariates_no_interaction (regime 8),RDP,0.1,0
1.8639365802344672,4.512545021844441,2464975.7691902043,with_covariates_no_interaction (regime 8),RDP,0.1,1
1.246975244093081,2.8914450963711023,15.066562766509549,with_covariates_no_interaction (regime 8),RDP,0.1,2
4.946259772725647,7.2795420575102545,1247887.815013132,with_covariates_no_interaction (regime 8),RDP,0.1,3
0.9602257029011982,6.424695577322583,16.29253108010458,with_covariates_no_interaction (regime 8),RDP,0.1,4
1.3354733727191073,1.8226330155098793,1.3707032611283336,with_covariates_no_interaction (regime 8),RDP,0.1,5
1.3119199185950539,2.051375056109803,5.255747658946076,with_covariates_no_interaction (regime 8),RDP,0.1,6
1.2563630929500802,1.7707923434289872,3096.5706772783305,with_covariates_no_interaction (regime 8),RDP,0.1,7
1.0560955404287131,1.7911271305012388,1.8163225370059324,with_covariates_no_interaction (regime 8),RDP,0.1,8
1.253128679616952,1.8641920061825055,1.910933603815899,with_covariates_no_interaction (regime 8),RDP,0.1,9
1.1944975867865328,1.7436283305770954,5.197508443432889,with_covariates_no_interaction (regime 8),RDP,0.1,10
1.18675913331543,1.5597957696135347,8.208844853396396,with_covariates_no_interaction (regime 8),RDP,0.1,11
1.4440424120864706,3.10138895905792,3520138.835383602,with_covariates_no_interaction (regime 8),RDP,0.1,12
1.653430572093557,6.518671042292353,693218.8889441688,with_covariates_no_interaction (regime 8),RDP,0.1,13
0.878391853164615,1.3602348127473145,1.9552775633782686,with_covariates_no_interaction (regime 8),RDP,0.1,14
1.2773222270118558,1.417798776650925,412192.04385395406,with_covariates_no_interaction (regime 8),RDP,0.1,15
1.5273641849870487,18.19272180884925,1399006.2217374623,with_covariates_no_interaction (regime 8),RDP,0.1,16
1.0846919634447183,1.4607075752084133,26.29550941810095,with_covariates_no_interaction (regime 8),RDP,0.1,17
1.118724521169392,1.6776931901474328,17.761025052506845,with_covariates_no_interaction (regime 8),RDP,0.1,18
1.3491722686214034,1.589312266112427,2.008629397391913,with_covariates_no_interaction (regime 8),RDP,0.1,19
0.8043841742369315,1.3603674873050224,4.934435275748527,with_covariates_no_interaction (regime 8),RDP,0.1,20
1.0874718558915608,5.770917740060804,1646.126353257974,with_covariates_no_interaction (regime 8),RDP,0.1,21
0.8896314349472761,1.3292940778167137,13.78832292910136,with_covariates_no_interaction (regime 8),RDP,0.1,22
1.1273364601662856,2.8848630430983704,160428.3730882314,with_covariates_no_interaction (regime 8),RDP,0.1,23
1.3150823547409631,1.4889052501903692,3.4579572382314043,with_covariates_no_interaction (regime 8),RDP,0.1,24
1.011055919456439,2.3795089585247218,17.773353245159292,with_covariates_no_interaction (regime 8),RDP,0.1,25
1.2492078371545137,3.535212178088542,11.08212829871226,with_covariates_no_interaction (regime 8),RDP,0.1,26
3.1984720962361464,5.113706635171299,1098175.7990611272,with_covariates_no_interaction (regime 8),RDP,0.1,27
18.87378929130789,18.719272912005955,603177.5718040847,with_covariates_no_interaction (regime 8),RDP,0.1,28
5.978543401195118,77.12450274125993,1587232.9630760266,with_covariates_no_interaction (regime 8),RDP,0.1,29
1.1046282935148353,1.1999226312351323,9731.03693211296,with_covariates_no_interaction (regime 8),RDP,0.1,30
1.7213055518158997,3.6396236634162857,54547.14536756783,with_covariates_no_interaction (regime 8),RDP,0.1,31
1.1415151998871522,1.2975105923779153,1.2998042335311835,with_covariates_no_interaction (regime 8),RDP,0.1,32
26.513598729962855,11.63457844764026,2431936.6961698155,with_covariates_no_interaction (regime 8),RDP,0.1,33
4.459447766865523,4.605463697189543,5714.997385343747,with_covariates_no_interaction (regime 8),RDP,0.1,34
1.5059894261746198,3.8766417504364123,1618906.3443440225,with_covariates_no_interaction (regime 8),RDP,0.1,35
1.206656780189642,7.293026941931889,680.673050087099,with_covariates_no_interaction (regime 8),RDP,0.1,36
0.9279860539603175,1.2413935252809094,1.5739271753406974,with_covariates_no_interaction (regime 8),RDP,0.1,37
0.7538336110092695,4.705794024254159,29.710870129820552,with_covariates_no_interaction (regime 8),RDP,0.1,38
1.2710413244003849,3.4206542821761845,1950766.2109217655,with_covariates_no_interaction (regime 8),RDP,0.1,39
2.5101320673819054,6.602981864805263,7998545.221637114,with_covariates_no_interaction (regime 8),RDP,0.1,40
1.60230015687799,1.2430696777322154,14.111104288993102,with_covariates_no_interaction (regime 8),RDP,0.1,41
0.9131824674385222,1.164291555089425,58.43470524867745,with_covariates_no_interaction (regime 8),RDP,0.1,42
1.02331220126919,10.52907841926598,23608.935058128343,with_covariates_no_interaction (regime 8),RDP,0.1,43
0.9727224950128074,1.4340714584156378,1.2130490556069464,with_covariates_no_interaction (regime 8),RDP,0.1,44
1.0622498699240341,4.473996131551507,473994628.574553,with_covariates_no_interaction (regime 8),RDP,0.1,45
1.3878045006141217,1.4871727217900668,1.315097321000888,with_covariates_no_interaction (regime 8),RDP,0.1,46
1.2364647399759232,3.837869662275231,16.6960902865352,with_covariates_no_interaction (regime 8),RDP,0.1,47
1.1156179375237416,1.3091145314363448,1.513693297101593,with_covariates_no_interaction (regime 8),RDP,0.1,48
1.1248047021775707,1.5968076914990368,1.4322755499943298,with_covariates_no_interaction (regime 8),RDP,0.1,49
1.1337078763636788,1.1301516190819845,1.1612052350198152,with_covariates_no_interaction (regime 8),RDP,0.4,0
1.0926930615085448,1.2502181893505466,1.4110524935697049,with_covariates_no_interaction (regime 8),RDP,0.4,1
1.1724413220522518,1.2763258038800138,1.521784447558818,with_covariates_no_interaction (regime 8),RDP,0.4,2
1.0928428960438483,1.3508882146480452,1.433268073554115,with_covariates_no_interaction (regime 8),RDP,0.4,3
1.097839216803018,1.2039378245727477,1.406195468850391,with_covariates_no_interaction (regime 8),RDP,0.4,4
1.3337947661021663,1.5105381512479943,1.6746031134301769,with_covariates_no_interaction (regime 8),RDP,0.4,5
1.03429282557904,1.1660092672745066,1.161777472049606,with_covariates_no_interaction (regime 8),RDP,0.4,6
1.0632193399747039,1.147859377864343,1.1811476897894322,with_covariates_no_interaction (regime 8),RDP,0.4,7
1.139886128334931,1.1639776154078356,1.395317305412654,with_covariates_no_interaction (regime 8),RDP,0.4,8
1.4223755891670378,1.5501619564923785,2.0016434109328087,with_covariates_no_interaction (regime 8),RDP,0.4,9
1.0795456751404002,1.1941402228984843,1.435166712896522,with_covariates_no_interaction (regime 8),RDP,0.4,10
0.9955821629951827,1.2310457471294705,1.38722332352718,with_covariates_no_interaction (regime 8),RDP,0.4,11
0.9483891721917567,0.978508398453815,1.1166883973106052,with_covariates_no_interaction (regime 8),RDP,0.4,12
1.2758055150131977,1.4015763459164106,1.6179275052191586,with_covariates_no_interaction (regime 8),RDP,0.4,13
0.971682482075895,0.972398987462886,1.4405432416288764,with_covariates_no_interaction (regime 8),RDP,0.4,14
0.9261378005237115,1.063228646698379,1.2646861984249473,with_covariates_no_interaction (regime 8),RDP,0.4,15
1.1274698287199345,1.283911347100887,1.3437131447109165,with_covariates_no_interaction (regime 8),RDP,0.4,16
1.1019780685577418,1.2216183842449235,1.3951667332333166,with_covariates_no_interaction (regime 8),RDP,0.4,17
1.1712441075061288,1.2613105722749898,1.4565087096523421,with_covariates_no_interaction (regime 8),RDP,0.4,18
1.1419287255617196,1.2917746694557428,1.6119745184772896,with_covariates_no_interaction (regime 8),RDP,0.4,19
1.0523699513829194,1.2983040838539537,1.452620043983201,with_covariates_no_interaction (regime 8),RDP,0.4,20
1.1343025479009479,1.217813911836471,1.2472060267775902,with_covariates_no_interaction (regime 8),RDP,0.4,21
1.0300942098239854,1.1978353162091966,1.342082977421094,with_covariates_no_interaction (regime 8),RDP,0.4,22
1.0034043062110036,1.1684456520091422,1.374967394005847,with_covariates_no_interaction (regime 8),RDP,0.4,23
0.976940110466917,1.1923830130460809,1.5000123791604176,with_covariates_no_interaction (regime 8),RDP,0.4,24
1.0413694908930824,1.089640695607527,1.2883074903810503,with_covariates_no_interaction (regime 8),RDP,0.4,25
1.2717202753777737,1.3613804619935548,1.7121359372203175,with_covariates_no_interaction (regime 8),RDP,0.4,26
0.9165928127217435,1.0703093950660176,1.3599710866554566,with_covariates_no_interaction (regime 8),RDP,0.4,27
1.3110405391121664,1.5990212756580116,1.4825615182906495,with_covariates_no_interaction (regime 8),RDP,0.4,28
1.1565386250785101,1.4241459578760192,1.5728069623902625,with_covariates_no_interaction (regime 8),RDP,0.4,29
0.8792243525059418,0.948811992161635,1.0721138172977238,with_covariates_no_interaction (regime 8),RDP,0.4,30
0.9485513434603849,1.001757605616391,1.3858104112876843,with_covariates_no_interaction (regime 8),RDP,0.4,31
1.0337845105209664,1.1526626777061373,1.3476168068924705,with_covariates_no_interaction (regime 8),RDP,0.4,32
0.9432649411946088,1.1201048094695787,1.4285229537960211,with_covariates_no_interaction (regime 8),RDP,0.4,33
1.0096376070557709,1.1141072695895666,1.239764804089613,with_covariates_no_interaction (regime 8),RDP,0.4,34
1.3434231594620343,1.4979846938714625,1.3045503575481328,with_covariates_no_interaction (regime 8),RDP,0.4,35
1.164799076648085,1.2283537424419821,1.7129330610355697,with_covariates_no_interaction (regime 8),RDP,0.4,36
0.9108134487759194,1.1089534096186326,1.2955550816886738,with_covariates_no_interaction (regime 8),RDP,0.4,37
0.9170876237544052,1.0947953310369885,1.2550393800627562,with_covariates_no_interaction (regime 8),RDP,0.4,38
1.0830542416823712,1.228332179355051,1.1765728623231906,with_covariates_no_interaction (regime 8),RDP,0.4,39
0.9683512037225277,1.0927337966838995,1.9442748911290195,with_covariates_no_interaction (regime 8),RDP,0.4,40
1.4934486668284879,1.6232901673249067,1.2314469811922037,with_covariates_no_interaction (regime 8),RDP,0.4,41
0.976276424595724,1.0670559188074815,1.928215314506437,with_covariates_no_interaction (regime 8),RDP,0.4,42
1.0810055674869574,1.1903642337379745,1.410282974478376,with_covariates_no_interaction (regime 8),RDP,0.4,43
1.0113348669203086,1.122933012513216,1.2084202438706333,with_covariates_no_interaction (regime 8),RDP,0.4,44
0.9648443516887187,1.2842181754072017,1.5293646543671675,with_covariates_no_interaction (regime 8),RDP,0.4,45
1.2182657199305695,1.2678264616999841,1.2446060718776384,with_covariates_no_interaction (regime 8),RDP,0.4,46
0.9429131146046178,1.0885968745089631,1.3282545047561147,with_covariates_no_interaction (regime 8),RDP,0.4,47
1.0753888583566193,1.1859271735587595,1.457911056075771,with_covariates_no_interaction (regime 8),RDP,0.4,48
0.9123849281499304,1.050703008865523,1.2151967035133961,with_covariates_no_interaction (regime 8),RDP,0.4,49
1.5784810220604577,1.854066670340595,2.694553825494616,with_covariates_interaction (regime 9),ER,0.1,0
0.9905113069360262,1.4292391205856811,8.926860206852275,with_covariates_interaction (regime 9),ER,0.1,1
1.176727430873628,1.5397054694917847,2.732204233966884,with_covariates_interaction (regime 9),ER,0.1,2
0.9306565919022433,2.2379567107462686,2.602287026235359,with_covariates_interaction (regime 9),ER,0.1,3
1.1474190288097776,1.3714434463994636,23.95114754503891,with_covariates_interaction (regime 9),ER,0.1,4
1.9571845664423277,3.2669022197235433,2.4006124237789317,with_covariates_interaction (regime 9),ER,0.1,5
1.9240045279519997,2.3080604326856924,1.8366735346096421,with_covariates_interaction (regime 9),ER,0.1,6
10.554838274079152,12.51252662186422,22015975.863307517,with_covariates_interaction (regime 9),ER,0.1,7
1.3550809255769791,1.6207638748442872,2.4540182683327614,with_covariates_interaction (regime 9),ER,0.1,8
3.4794788044399327,4.363515872165996,5.1718791538989946,with_covariates_interaction (regime 9),ER,0.1,9
1.5344914051543155,1.6554260118860582,1.9017851186896262,with_covariates_interaction (regime 9),ER,0.1,10
1.2201713402775165,1.5073339162830368,12.654528940751579,with_covariates_interaction (regime 9),ER,0.1,11
0.9282830058400937,1.4201231910514975,2.3909785439087377,with_covariates_interaction (regime 9),ER,0.1,12
2.7631034569492203,4.057834798459246,805.9802634018982,with_covariates_interaction (regime 9),ER,0.1,13
2.016626962788338,3.765730216729824,77522998.24910116,with_covariates_interaction (regime 9),ER,0.1,14
1.1712519240925507,2.0013801679115577,3238908.174082992,with_covariates_interaction (regime 9),ER,0.1,15
1.1221731640699724,2.209357280243093,26.137044473748965,with_covariates_interaction (regime 9),ER,0.1,16
3.4505860378903543,2.487469289966552,110881660.98865163,with_covariates_interaction (regime 9),ER,0.1,17
1.241382098273659,2.9271759734839105,1.7083740346032743,with_covariates_interaction (regime 9),ER,0.1,18
1.319728057901589,1.6725858044667776,17.77639970396417,with_covariates_interaction (regime 9),ER,0.1,19
1.0538501271532963,1.557585070625029,1.9335707957281054,with_covariates_interaction (regime 9),ER,0.1,20
1.279366438489707,1.3547716086757686,1.6148922421562513,with_covariates_interaction (regime 9),ER,0.1,21
0.6731781840474051,1.093923962426924,9.517512888232906,with_covariates_interaction (regime 9),ER,0.1,22
1.1223578951035786,1.377700054938801,32.31874203714965,with_covariates_interaction (regime 9),ER,0.1,23
1.284988440439961,1.298594948477248,8.56705565850493,with_covariates_interaction (regime 9),ER,0.1,24
1.3065785044250757,1.4974641462813911,2.5229757042096597,with_covariates_interaction (regime 9),ER,0.1,25
1.9028260760956315,3.2288182642827654,40.64773673473177,with_covariates_interaction (regime 9),ER,0.1,26
1.5097054282516156,5.0372256175384615,364804.52576430555,with_covariates_interaction (regime 9),ER,0.1,27
2.863145068374656,2.5614598557798938,3.2194552485378805,with_covariates_interaction (regime 9),ER,0.1,28
1.8454447803946636,9.016659012415454,1335512.9471164925,with_covariates_interaction (regime 9),ER,0.1,29
1.2659249003984137,1.3890834538445196,1.7053453981353637,with_covariates_interaction (regime 9),ER,0.1,30
0.9713899734480963,1.7785001498112785,2.2175591647628936,with_covariates_interaction (regime 9),ER,0.1,31
0.8194478834002323,1.6280779302404254,4.352120144820813,with_covariates_interaction (regime 9),ER,0.1,32
10.721748903923025,4.5345203602362325,4331.8517789461985,with_covariates_interaction (regime 9),ER,0.1,33
1.0800255587680154,1.2941740196200404,1.7955699664766978,with_covariates_interaction (regime 9),ER,0.1,34
2.9019153876626356,2.9931003983931457,2.6139353858483934,with_covariates_interaction (regime 9),ER,0.1,35
2.6688690390649916,4.21754613716123,34654.634556193225,with_covariates_interaction (regime 9),ER,0.1,36
0.9562872687031629,1.3846822490201687,7.49591938584577,with_covariates_interaction (regime 9),ER,0.1,37
1.2861595912394497,1.7154521595506562,2.1766210250921323,with_covariates_interaction (regime 9),ER,0.1,38
1.3181490856822413,2.6074373428193103,1.4887760248264144,with_covariates_interaction (regime 9),ER,0.1,39
1.5059444930803185,2.7435094429990405,4.151168664682068,with_covariates_interaction (regime 9),ER,0.1,40
3.325009455399644,3.248242501446275,1.2976010044914985,with_covariates_interaction (regime 9),ER,0.1,41
1.1197045708178335,1.3239664422484316,4.066255581579624,with_covariates_interaction (regime 9),ER,0.1,42
1.411058704403759,8.977817674182102,24.788258566253113,with_covariates_interaction (regime 9),ER,0.1,43
1.5332284755540402,14.539754076096742,189526.82968033187,with_covariates_interaction (regime 9),ER,0.1,44
1.2213771509895974,1.5760268203842684,1.884747368516399,with_covariates_interaction (regime 9),ER,0.1,45
2.5880443554029218,2.2460820580394736,5.659196981010005,with_covariates_interaction (regime 9),ER,0.1,46
4.0910095236568065,45.176175632309416,6143.801642239595,with_covariates_interaction (regime 9),ER,0.1,47
1.456595309986897,1.557825013198915,2.189781223520362,with_covariates_interaction (regime 9),ER,0.1,48
1.1299687791717699,2.0312433195318382,1.4330719677661017,with_covariates_interaction (regime 9),ER,0.1,49
1.3510314160811925,1.486679498525655,1.343269641317238,with_covariates_interaction (regime 9),ER,0.4,0
0.84962422960763,1.035457454082435,1.7576911807808242,with_covariates_interaction (regime 9),ER,0.4,1
1.0365223245917445,1.1795473004229384,1.8268263452108133,with_covariates_interaction (regime 9),ER,0.4,2
1.0915301680580205,1.3882356940658966,1.830596034321372,with_covariates_interaction (regime 9),ER,0.4,3
1.086685904463735,1.229182672995573,1.3428745681402008,with_covariates_interaction (regime 9),ER,0.4,4
2.206826020550159,2.28652248604387,2.4347171778806973,with_covariates_interaction (regime 9),ER,0.4,5
1.8802648244886786,2.033114705459044,1.5705344055303248,with_covariates_interaction (regime 9),ER,0.4,6
1.2759889925770902,1.3554485757661106,1.2186240798307797,with_covariates_interaction (regime 9),ER,0.4,7
1.7832950010397708,1.887004293423942,2.6144246318626965,with_covariates_interaction (regime 9),ER,0.4,8
3.135133982953239,3.098646505635622,4.5730701976533155,with_covariates_interaction (regime 9),ER,0.4,9
1.3744273548609038,1.6253853680153172,1.9240216153094405,with_covariates_interaction (regime 9),ER,0.4,10
1.089731135213242,1.26887757220842,1.5501390248412035,with_covariates_interaction (regime 9),ER,0.4,11
0.9507551361513514,1.1491024893193864,1.4458409680954152,with_covariates_interaction (regime 9),ER,0.4,12
2.386361683005554,2.4079746669857514,3.144092364467353,with_covariates_interaction (regime 9),ER,0.4,13
0.9612401914622599,1.1247178865603766,2.986825953781937,with_covariates_interaction (regime 9),ER,0.4,14
1.2247157476437591,1.311649508233521,1.586369110584498,with_covariates_interaction (regime 9),ER,0.4,15
1.4135121757685034,1.6127235679231686,2.007321118832799,with_covariates_interaction (regime 9),ER,0.4,16
1.255586131061423,1.436595438279044,1.6313199960084956,with_covariates_interaction (regime 9),ER,0.4,17
1.4967654811055089,1.6440569312875677,1.7137483466930659,with_covariates_interaction (regime 9),ER,0.4,18
1.4135707038944794,1.6185224136890215,2.794983923419555,with_covariates_interaction (regime 9),ER,0.4,19
1.2352908445990503,1.3842863129717307,1.6513380757352243,with_covariates_interaction (regime 9),ER,0.4,20
1.4079492989001818,1.4979812841049085,1.4429615145632262,with_covariates_interaction (regime 9),ER,0.4,21
0.9264005629789129,1.0721523574984664,1.1978797113592121,with_covariates_interaction (regime 9),ER,0.4,22
1.0308910253290124,1.1942735075049784,1.7769963798113932,with_covariates_interaction (regime 9),ER,0.4,23
1.7398433088556018,1.8147225464994046,2.5033930014436576,with_covariates_interaction (regime 9),ER,0.4,24
0.9594061045313682,1.0870310372171137,1.1679753746939165,with_covariates_interaction (regime 9),ER,0.4,25
2.277509796157631,2.2366766201207966,2.6389189177354644,with_covariates_interaction (regime 9),ER,0.4,26
0.9733347964539785,1.1793135640185373,1.9941542213225179,with_covariates_interaction (regime 9),ER,0.4,27
3.106108050816213,3.227923618290959,3.2191658126821987,with_covariates_interaction (regime 9),ER,0.4,28
1.461853703211093,1.5146080367180288,1.4788382401079088,with_covariates_interaction (regime 9),ER,0.4,29
1.1168509240510371,1.2790360961275704,1.4241601506909847,with_covariates_interaction (regime 9),ER,0.4,30
1.1200523524638064,1.338911479511609,2.3664285357088453,with_covariates_interaction (regime 9),ER,0.4,31
1.081110709151152,1.2928555608346082,1.5873486347022292,with_covariates_interaction (regime 9),ER,0.4,32
0.808510496736576,1.0599673849536393,1.4618235490415536,with_covariates_interaction (regime 9),ER,0.4,33
0.8365204748938218,1.123776196874347,1.4854497186512523,with_covariates_interaction (regime 9),ER,0.4,34
2.2160692452750217,2.1479029404015644,1.6489237958805807,with_covariates_interaction (regime 9),ER,0.4,35
1.4417408987100133,1.441430155692763,2.449845422165104,with_covariates_interaction (regime 9),ER,0.4,36
0.9308222783852558,1.1518097889549814,1.5092326933848823,with_covariates_interaction (regime 9),ER,0.4,37
1.094664503811335,1.3540622605321038,1.749241027407744,with_covariates_interaction (regime 9),ER,0.4,38
1.6956162904398169,1.7701493302449345,1.638442280274633,with_covariates_interaction (regime 9),ER,0.4,39
1.5532411545739633,1.6385280603898178,4.390910961755908,with_covariates_interaction (regime 9),ER,0.4,40
3.227701149063579,3.171070294869468,1.6733684620696492,with_covariates_interaction (regime 9),ER,0.4,41
1.3727221585180733,1.5542020094940676,4.081989702969076,with_covariates_interaction (regime 9),ER,0.4,42
1.3924619299302092,1.5045882817699436,1.3870769955303397,with_covariates_interaction (regime 9),ER,0.4,43
1.2307884532936986,1.4408457374854806,1.4051824804428754,with_covariates_interaction (regime 9),ER,0.4,44
0.9919259145620511,1.10241893326191,1.5539787896238213,with_covariates_interaction (regime 9),ER,0.4,45
2.0485089805380254,2.189463247777677,1.6690434959583624,with_covariates_interaction (regime 9),ER,0.4,46
1.3527974288471682,1.66503373492774,1.9377751651727664,with_covariates_interaction (regime 9),ER,0.4,47
1.35880186912893,1.4399381594885166,2.050941556965569,with_covariates_interaction (regime 9),ER,0.4,48
1.2113651410680906,1.401478996511504,1.394184207331575,with_covariates_interaction (regime 9),ER,0.4,49
2.3350089774927842,2.831634734545447,14253.771051026479,with_covariates_interaction (regime 9),SBM,0.1,0
1.0080439468555347,2.0711891133025087,1.9686721223723413,with_covariates_interaction (regime 9),SBM,0.1,1
2.2820174821417645,4.728516313862357,34167129.70365689,with_covariates_interaction (regime 9),SBM,0.1,2
2.0983439996254396,7.440596141612006,2728.2995172899573,with_covariates_interaction (regime 9),SBM,0.1,3
5.6797879734195105,4.109169299724086,1382314.9694695703,with_covariates_interaction (regime 9),SBM,0.1,4
2.6695093800890515,4.790654507815542,3090373.5615715347,with_covariates_interaction (regime 9),SBM,0.1,5
1.8930058956482836,2.156864439581157,1.9036095185483721,with_covariates_interaction (regime 9),SBM,0.1,6
1.2239055361044198,1.038452326078798,1.228485949060838,with_covariates_interaction (regime 9),SBM,0.1,7
2.283334150306181,2.9603288042434883,19988.193899906644,with_covariates_interaction (regime 9),SBM,0.1,8
11.446572111168983,16.255858446024053,17822749.272409163,with_covariates_interaction (regime 9),SBM,0.1,9
1.5457360949177517,1.4590718856922162,2.734881229273255,with_covariates_interaction (regime 9),SBM,0.1,10
2.144264908886025,7.401838073076965,2586688.494304326,with_covariates_interaction (regime 9),SBM,0.1,11
0.7577470012579692,1.1789512168916227,18.337565891696133,with_covariates_interaction (regime 9),SBM,0.1,12
2.596147458946194,3.370584001772988,15.119072959414082,with_covariates_interaction (regime 9),SBM,0.1,13
0.8438432995252215,2.0102030558058126,16.054835522297253,with_covariates_interaction (regime 9),SBM,0.1,14
1.268458694292703,1.2523435005302097,42.26941669375129,with_covariates_interaction (regime 9),SBM,0.1,15
1.2378968955973748,2.0848930027500154,3.4063508953120727,with_covariates_interaction (regime 9),SBM,0.1,16
3.847400790271387,4.107563643289169,6839924.497472175,with_covariates_interaction (regime 9),SBM,0.1,17
1.4821376537975253,2.4248076844205153,37.39792688403788,with_covariates_interaction (regime 9),SBM,0.1,18
1.3928845785897321,2.12829615511551,48.303029595921835,with_covariates_interaction (regime 9),SBM,0.1,19
0.718501003337259,1.3406006714053527,5.743062252311194,with_covariates_interaction (regime 9),SBM,0.1,20
1.3539764994173757,1.7370289988853491,1284.292700012597,with_covariates_interaction (regime 9),SBM,0.1,21
1.0712470210962284,1.1865832423368115,13.266596386304142,with_covariates_interaction (regime 9),SBM,0.1,22
1.2098774404636143,1.485924100435154,1.7267724084804463,with_covariates_interaction (regime 9),SBM,0.1,23
2.9307746871075486,6.314317475339086,5193786.638584108,with_covariates_interaction (regime 9),SBM,0.1,24
2.6465928731919104,11.716221144143407,3014014.0488445098,with_covariates_interaction (regime 9),SBM,0.1,25
3.247058659022792,8.584809633890563,43403.27493546426,with_covariates_interaction (regime 9),SBM,0.1,26
1.3075147644538891,1.7264521967104773,22.914120630422875,with_covariates_interaction (regime 9),SBM,0.1,27
3.593378405602802,6.321514616734484,1019552.138617435,with_covariates_interaction (regime 9),SBM,0.1,28
1.4279031533261077,2.2065992547751048,20.896163066301572,with_covariates_interaction (regime 9),SBM,0.1,29
1.1086919140919829,1.331388842639086,1.7085487204033964,with_covariates_interaction (regime 9),SBM,0.1,30
0.9230228011133857,1.2372354471574303,43.79492297015536,with_covariates_interaction (regime 9),SBM,0.1,31
0.9318608680652986,4.432656692267529,2478.8989643598843,with_covariates_interaction (regime 9),SBM,0.1,32
1.0668306618281846,1.509534704734295,1.521600820103862,with_covariates_interaction (regime 9),SBM,0.1,33
1.0367989173892753,1.5779191330842164,8.71465047334445,with_covariates_interaction (regime 9),SBM,0.1,34
2.739870497629888,5.988102538317375,1216809.2536479703,with_covariates_interaction (regime 9),SBM,0.1,35
1.3093598686130388,2.8926119418540606,12.163578751418878,with_covariates_interaction (regime 9),SBM,0.1,36
0.88774188617879,1.2653758741167873,9.155043735894104,with_covariates_interaction (regime 9),SBM,0.1,37
0.8770172930786724,12.196319104082756,82089.38519860177,with_covariates_interaction (regime 9),SBM,0.1,38
1.7973847642546328,2.8891396806633667,85106.01752432191,with_covariates_interaction (regime 9),SBM,0.1,39
4.6125813574525605,29.66472793065519,2689.5047880065595,with_covariates_interaction (regime 9),SBM,0.1,40
4.23795818404928,5.667407159474496,747737282.5883592,with_covariates_interaction (regime 9),SBM,0.1,41
1.0719435657484158,1.7556593109953234,3.9526256397803263,with_covariates_interaction (regime 9),SBM,0.1,42
1.328412015248052,1.9704361056748383,1.9361187408310578,with_covariates_interaction (regime 9),SBM,0.1,43
1.147239102037282,1.7181849937159608,20.185022305776567,with_covariates_interaction (regime 9),SBM,0.1,44
1.2738758031284805,1.9281887735306924,6.503298341607988,with_covariates_interaction (regime 9),SBM,0.1,45
2.2577473900776703,16.536470654571403,6311240.215592567,with_covariates_interaction (regime 9),SBM,0.1,46
2.9958469494167987,8.819425117929862,763681.2961514582,with_covariates_interaction (regime 9),SBM,0.1,47
1.6561648698894897,1.9302406163804458,3.0968298597343953,with_covariates_interaction (regime 9),SBM,0.1,48
1.307806629452455,1.7365390373209602,7576.453210357749,with_covariates_interaction (regime 9),SBM,0.1,49
1.2526180651091972,1.418651256127799,1.345962172046416,with_covariates_interaction (regime 9),SBM,0.4,0
1.1823696767601646,1.3350093777960894,1.5537082660462156,with_covariates_interaction (regime 9),SBM,0.4,1
1.0356291261134503,1.365759250011991,1.919207382721796,with_covariates_interaction (regime 9),SBM,0.4,2
1.0919015196575292,1.3722609540788195,1.9552473316203927,with_covariates_interaction (regime 9),SBM,0.4,3
1.1370673848035142,1.2664614682555966,1.8747941424191883,with_covariates_interaction (regime 9),SBM,0.4,4
1.8956917891747143,1.9560185157896848,2.1119374237606827,with_covariates_interaction (regime 9),SBM,0.4,5
1.9684261550897149,2.0882308714407674,1.5131799319433965,with_covariates_interaction (regime 9),SBM,0.4,6
1.2906619765978105,1.3537513098314933,1.248947575127552,with_covariates_interaction (regime 9),SBM,0.4,7
2.086835829490183,2.2440244253682646,2.7840092134611627,with_covariates_interaction (regime 9),SBM,0.4,8
3.1620117402422894,3.160531272976024,4.607262411348154,with_covariates_interaction (regime 9),SBM,0.4,9
1.2766928072871246,1.4069171840236823,1.756633009867657,with_covariates_interaction (regime 9),SBM,0.4,10
1.178611996132428,1.3860746409378253,1.5127503723275415,with_covariates_interaction (regime 9),SBM,0.4,11
0.8235363593250873,1.0532890868689784,1.4312928725549092,with_covariates_interaction (regime 9),SBM,0.4,12
2.2943956017434695,2.3404625876719134,3.182837803570925,with_covariates_interaction (regime 9),SBM,0.4,13
1.088632653297284,1.2907799986864106,3.0740200187033744,with_covariates_interaction (regime 9),SBM,0.4,14
1.051851329793108,1.1605820101323507,1.3901224912316126,with_covariates_interaction (regime 9),SBM,0.4,15
1.4849224680793853,1.571771274578353,1.5495371851063773,with_covariates_interaction (regime 9),SBM,0.4,16
1.4085213544196888,1.6056421139362742,1.6535905691556456,with_covariates_interaction (regime 9),SBM,0.4,17
1.5701197466652965,1.6449440373546036,1.8179187689762069,with_covariates_interaction (regime 9),SBM,0.4,18
1.430857058039212,1.625790763522128,2.8189992422353587,with_covariates_interaction (regime 9),SBM,0.4,19
1.1276589152877246,1.342151621592276,1.831227332412476,with_covariates_interaction (regime 9),SBM,0.4,20
1.4051136792236885,1.5082009148726856,1.360854217215189,with_covariates_interaction (regime 9),SBM,0.4,21
1.01719716480291,1.1649116178893093,1.5294604707329487,with_covariates_interaction (regime 9),SBM,0.4,22
0.9491608771991051,1.128614042115344,1.7649081127866721,with_covariates_interaction (regime 9),SBM,0.4,23
1.7084692221505704,1.789087557170502,2.4371765672142782,with_covariates_interaction (regime 9),SBM,0.4,24
1.0213782639801323,1.0962306206974994,1.219957630970364,with_covariates_interaction (regime 9),SBM,0.4,25
2.0112762413828964,1.9488823632345718,2.4210900620475315,with_covariates_interaction (regime 9),SBM,0.4,26
0.8756819119358557,1.1143113129215556,2.093238392599258,with_covariates_interaction (regime 9),SBM,0.4,27
3.193250454827812,3.2225239507613814,3.2960681519614696,with_covariates_interaction (regime 9),SBM,0.4,28
1.2808141542275506,1.461263557848302,1.4738863672060276,with_covariates_interaction (regime 9),SBM,0.4,29
1.0976607026695027,1.2511338651704351,1.5347100524549828,with_covariates_interaction (regime 9),SBM,0.4,30
1.0711387113554312,1.2904345431132997,2.3743907453742534,with_covariates_interaction (regime 9),SBM,0.4,31
1.0677549287353065,1.0701632406155592,1.2026214859420836,with_covariates_interaction (regime 9),SBM,0.4,32
0.9750146463245157,1.3263055341261163,1.7697816218312852,with_covariates_interaction (regime 9),SBM,0.4,33
0.7774311787961209,1.0072417098059965,1.3239845627318476,with_covariates_interaction (regime 9),SBM,0.4,34
2.2669176979896917,2.3385873045677577,1.7695721418186807,with_covariates_interaction (regime 9),SBM,0.4,35
1.6444803799757925,1.7553290077217694,2.6972697075439354,with_covariates_interaction (regime 9),SBM,0.4,36
0.9701286353721885,1.123947747053495,1.4500554077217982,with_covariates_interaction (regime 9),SBM,0.4,37
0.9391382798243604,1.1547701512871462,1.9227081411269533,with_covariates_interaction (regime 9),SBM,0.4,38
1.8610279900709368,1.8673683661052363,1.569670648656359,with_covariates_interaction (regime 9),SBM,0.4,39
1.3172101441663495,1.547037325334485,3.9393317721595458,with_covariates_interaction (regime 9),SBM,0.4,40
3.3352234328678088,3.3971417482018595,1.9525673686233462,with_covariates_interaction (regime 9),SBM,0.4,41
1.2708139731686423,1.5005586373108346,3.9604625062297956,with_covariates_interaction (regime 9),SBM,0.4,42
1.2747537684884773,1.333647551107017,1.521825498859275,with_covariates_interaction (regime 9),SBM,0.4,43
1.1501449706846893,1.3086308745879087,1.2345886638994505,with_covariates_interaction (regime 9),SBM,0.4,44
0.9830737078108865,1.2357291190297406,1.5028992434164519,with_covariates_interaction (regime 9),SBM,0.4,45
1.8871469173661783,1.9646867753082156,1.5889898532579005,with_covariates_interaction (regime 9),SBM,0.4,46
1.2683517182328479,1.4205612933062413,1.6332428567565387,with_covariates_interaction (regime 9),SBM,0.4,47
1.5656560854046604,1.7105136268768817,2.1449830278030846,with_covariates_interaction (regime 9),SBM,0.4,48
1.1923658088010531,1.2759115518572295,1.2279529767627535,with_covariates_interaction (regime 9),SBM,0.4,49
1.3878628335091174,1.8252619275848474,1.416904129875098,with_covariates_interaction (regime 9),RDP,0.1,0
2.358694102742371,5.506199462026928,10931372.469526744,with_covariates_interaction (regime 9),RDP,0.1,1
1.3136037676585404,2.884084493653616,17.80769747570572,with_covariates_interaction (regime 9),RDP,0.1,2
4.639873100244775,7.280834974009033,3569001.714147756,with_covariates_interaction (regime 9),RDP,0.1,3
1.1372331644297458,12.011168388665741,46.36149150091673,with_covariates_interaction (regime 9),RDP,0.1,4
2.1809404277481454,3.2803499581198077,2.2598904500836707,with_covariates_interaction (regime 9),RDP,0.1,5
2.181906252099754,3.0912660718426777,5.759669613046891,with_covariates_interaction (regime 9),RDP,0.1,6
1.8792799375858273,2.2547109663808746,7115.854041503031,with_covariates_interaction (regime 9),RDP,0.1,7
1.6172175010878094,2.202316666735315,2.7255215158725172,with_covariates_interaction (regime 9),RDP,0.1,8
2.9951632325985114,3.742276547324144,4.144004745147814,with_covariates_interaction (regime 9),RDP,0.1,9
1.4743460692062855,2.004294065307767,6.4383701414050005,with_covariates_interaction (regime 9),RDP,0.1,10
1.3338552863055648,1.7571027299320885,10.57937016515613,with_covariates_interaction (regime 9),RDP,0.1,11
1.4960788964184184,12.404333407257536,2508976.895459059,with_covariates_interaction (regime 9),RDP,0.1,12
3.0565135003406847,7.362852683181243,2577565.8758401233,with_covariates_interaction (regime 9),RDP,0.1,13
0.9179853525665516,1.437467758952491,3.2370162837527476,with_covariates_interaction (regime 9),RDP,0.1,14
1.1489044894901561,1.3444570047333513,4200.7773475942395,with_covariates_interaction (regime 9),RDP,0.1,15
1.7960377581932572,16.696547726323114,1854.0110977881084,with_covariates_interaction (regime 9),RDP,0.1,16
1.4772588897641314,1.941654221609632,792721.6519388382,with_covariates_interaction (regime 9),RDP,0.1,17
1.5297688370391809,2.4808000722941728,38.32108408099351,with_covariates_interaction (regime 9),RDP,0.1,18
1.603157065576936,1.9066881963171585,2.987221033089429,with_covariates_interaction (regime 9),RDP,0.1,19
0.8807890455413051,1.9908851390045572,6.270166482008181,with_covariates_interaction (regime 9),RDP,0.1,20
1.3593758483553673,8.211691830592194,29354.92530121938,with_covariates_interaction (regime 9),RDP,0.1,21
0.8914309259623577,1.49232280018798,33.68421441681865,with_covariates_interaction (regime 9),RDP,0.1,22
1.3376911402452987,6.74316226545077,5853202.2806244185,with_covariates_interaction (regime 9),RDP,0.1,23
1.850995523114921,2.143068111022119,4.4503491081249065,with_covariates_interaction (regime 9),RDP,0.1,24
1.0033982764829426,2.9331884338504812,44.6166906185811,with_covariates_interaction (regime 9),RDP,0.1,25
2.1921848700607405,4.751730960428465,21.150568408447015,with_covariates_interaction (regime 9),RDP,0.1,26
3.5598478398291773,38.02782795161807,1695835.2374741253,with_covariates_interaction (regime 9),RDP,0.1,27
18.565512316383717,24.65185636390389,162206654.1825142,with_covariates_interaction (regime 9),RDP,0.1,28
14.157112960081815,8.030336653271961,38217.30023521142,with_covariates_interaction (regime 9),RDP,0.1,29
1.2560518610736655,1.6964812136609657,1108.5061083663352,with_covariates_interaction (regime 9),RDP,0.1,30
2.797416426768451,6.604578508327956,3444354.750752116,with_covariates_interaction (regime 9),RDP,0.1,31
1.2760574785067234,1.4889971689158041,1.3861133464604423,with_covariates_interaction (regime 9),RDP,0.1,32
2.298469905351348,15.329067178329066,11789632.526848871,with_covariates_interaction (regime 9),RDP,0.1,33
4.073792355383613,3.719048167063307,3362449.121681263,with_covariates_interaction (regime 9),RDP,0.1,34
2.252110726128619,4.747615685511772,5396.976267658724,with_covariates_interaction (regime 9),RDP,0.1,35
1.7943949015410225,8.908221662892117,35.26057338553646,with_covariates_interaction (regime 9),RDP,0.1,36
0.9265104605877831,1.3345065067886066,1.802805655074857,with_covariates_interaction (regime 9),RDP,0.1,37
0.8592756891077732,6.8494981985057155,12711.776970251734,with_covariates_interaction (regime 9),RDP,0.1,38
1.90049730588642,3.6750437621742664,1594597.3502866267,with_covariates_interaction (regime 9),RDP,0.1,39
17.724827644152555,22.32993295523631,41412249.327838965,with_covariates_interaction (regime 9),RDP,0.1,40
3.6135520505628205,4.238923209802469,57.52220101688662,with_covariates_interaction (regime 9),RDP,0.1,41
1.0266723547534709,1.661047536062103,24.6134887898614,with_covariates_interaction (regime 9),RDP,0.1,42
1.5749272044942249,5.7395964813742,2201919.2090664827,with_covariates_interaction (regime 9),RDP,0.1,43
1.1753004756495307,1.6204765058090862,1.268324144229044,with_covariates_interaction (regime 9),RDP,0.1,44
1.1766653706474794,6.071647580694367,1062.6175655172437,with_covariates_interaction (regime 9),RDP,0.1,45
2.3521059670700044,2.2347796597426517,1.5965258668247773,with_covariates_interaction (regime 9),RDP,0.1,46
1.5138594702160744,6.776132350741726,9578.026064926524,with_covariates_interaction (regime 9),RDP,0.1,47
1.2946671528161806,2.2782671281472506,2.166141822917781,with_covariates_interaction (regime 9),RDP,0.1,48
1.3744779167681078,1.760726364316994,1.5818190425629672,with_covariates_interaction (regime 9),RDP,0.1,49
1.4072080555411397,1.385565163869001,1.3167783721028696,with_covariates_interaction (regime 9),RDP,0.4,0
1.138893057117385,1.4118081152536321,1.6307975529459182,with_covariates_interaction (regime 9),RDP,0.4,1
1.1947541784466384,1.3861286405852629,1.929113825938758,with_covariates_interaction (regime 9),RDP,0.4,2
1.25229269556046,1.4543485458290217,1.7729421794380853,with_covariates_interaction (regime 9),RDP,0.4,3
1.2331437915949677,1.3310201877708103,1.7318077994432879,with_covariates_interaction (regime 9),RDP,0.4,4
2.144219549855749,2.299129112151198,2.4066536262301494,with_covariates_interaction (regime 9),RDP,0.4,5
1.7815217355813846,2.009263780200941,1.3200626716567208,with_covariates_interaction (regime 9),RDP,0.4,6
1.4698564139255703,1.4389347916536506,1.276642038987261,with_covariates_interaction (regime 9),RDP,0.4,7
1.8570926742079248,1.9360120570988124,2.6284113750011615,with_covariates_interaction (regime 9),RDP,0.4,8
3.1051380833674704,3.203947210753777,4.426556909369104,with_covariates_interaction (regime 9),RDP,0.4,9
1.2903512972789413,1.4386502976420656,1.8127082411981286,with_covariates_interaction (regime 9),RDP,0.4,10
1.169172462753047,1.4046842336230148,1.5132804068798489,with_covariates_interaction (regime 9),RDP,0.4,11
0.959514008266428,1.0171506097500551,1.267271921871821,with_covariates_interaction (regime 9),RDP,0.4,12
2.4777330137618003,2.5506704235895747,3.3747238966828808,with_covariates_interaction (regime 9),RDP,0.4,13
1.0211376506719616,1.074739096101882,2.777286272765669,with_covariates_interaction (regime 9),RDP,0.4,14
0.9763310894272497,1.1595155271799653,1.4787375493378976,with_covariates_interaction (regime 9),RDP,0.4,15
1.4449947029198587,1.5892554739838336,1.5595361116992845,with_covariates_interaction (regime 9),RDP,0.4,16
1.4861427897545496,1.5965317857941081,1.6683373990271295,with_covariates_interaction (regime 9),RDP,0.4,17
1.5754890326010185,1.7564710762146338,1.9348055970294706,with_covariates_interaction (regime 9),RDP,0.4,18
1.485960787600474,1.6243240966198682,2.6444663101913384,with_covariates_interaction (regime 9),RDP,0.4,19
1.0987212967152957,1.3435715190307522,1.5782330344949667,with_covariates_interaction (regime 9),RDP,0.4,20
1.4934254716934636,1.5293578030796355,1.445111490718228,with_covariates_interaction (regime 9),RDP,0.4,21
1.032130000494646,1.2966047775077139,1.5562597554449429,with_covariates_interaction (regime 9),RDP,0.4,22
1.090294048474273,1.2682934376640251,1.8933523579243412,with_covariates_interaction (regime 9),RDP,0.4,23
1.4800494189645779,1.7851778154445819,2.358461563137761,with_covariates_interaction (regime 9),RDP,0.4,24
1.0701648969395448,1.1633243735096606,1.387737593962433,with_covariates_interaction (regime 9),RDP,0.4,25
2.1012679243965136,2.119456297382437,2.656863050384783,with_covariates_interaction (regime 9),RDP,0.4,26
0.9504006171242229,1.1032670740451551,1.9068569711879322,with_covariates_interaction (regime 9),RDP,0.4,27
2.860746144717022,2.928699144381774,2.9216157479190823,with_covariates_interaction (regime 9),RDP,0.4,28
1.3760945054303235,1.7130136215351686,1.6529863379567942,with_covariates_interaction (regime 9),RDP,0.4,29
1.0608961248773994,1.2794052110530312,1.2806295048340295,with_covariates_interaction (regime 9),RDP,0.4,30
1.0162316524848949,1.0949254337511232,2.310917411086766,with_covariates_interaction (regime 9),RDP,0.4,31
1.0687901083931237,1.2223943617990396,1.4588260093370535,with_covariates_interaction (regime 9),RDP,0.4,32
0.9401303060817029,1.2111697618528487,1.7419077530299214,with_covariates_interaction (regime 9),RDP,0.4,33
1.0126866529505747,1.2011656583901245,1.5257738690114309,with_covariates_interaction (regime 9),RDP,0.4,34
2.5055858443062413,2.4598413750286574,1.9486772469712985,with_covariates_interaction (regime 9),RDP,0.4,35
1.597467880047896,1.702846319113941,2.800392587293962,with_covariates_interaction (regime 9),RDP,0.4,36
0.9287795059275429,1.1432288027039494,1.4879416221302364,with_covariates_interaction (regime 9),RDP,0.4,37
1.0523686249689355,1.2288630185450267,1.7131830043481688,with_covariates_interaction (regime 9),RDP,0.4,38
1.81551061742759,1.8789258778785578,1.5589001168076386,with_covariates_interaction (regime 9),RDP,0.4,39
1.4270557302222504,1.600030715913344,3.9529313599917915,with_covariates_interaction (regime 9),RDP,0.4,40
3.304917673868196,3.2805960820478113,1.552894028475095,with_covariates_interaction (regime 9),RDP,0.4,41
1.1641622012150095,1.4003777445528816,3.8137623090801545,with_covariates_interaction (regime 9),RDP,0.4,42
1.3599021496947374,1.4236850075165568,1.6121557913638023,with_covariates_interaction (regime 9),RDP,0.4,43
1.2314279220549411,1.3442505117330728,1.3269086769960687,with_covariates_interaction (regime 9),RDP,0.4,44
1.0455510604726321,1.4138912611814818,1.7865469959923828,with_covariates_interaction (regime 9),RDP,0.4,45
2.0211265302543437,2.0233767175979342,1.6278060676757153,with_covariates_interaction (regime 9),RDP,0.4,46
1.0974539021572316,1.2421258897946084,1.6476951653626457,with_covariates_interaction (regime 9),RDP,0.4,47
1.3179778566429976,1.3467967016464564,1.98769001250913,with_covariates_interaction (regime 9),RDP,0.4,48
1.0928313222756953,1.336928637530834,1.3507080251390977,with_covariates_interaction (regime 9),RDP,0.4,49
